"Name","Location","Code Unit"
"CAN_0x3D1","0000cd10","can "
"CAN_0x7DF","0000cd1c","can "
"CAN_0x7E0","0000cd28","can "
"CAN_0x7E8","0000cd34","can "
"CAN_0x771","0000cd40","can "
"CAN_0x772","0000cd4c","can "
"CAN_0x773","0000cd58","can "
"CAN_0x774","0000cd64","can "
"CAN_0x775","0000cd70","can "
"CAN_0x140","0000cd7c","can "
"CAN_0x141","0000cd88","can "
"CAN_0x142","0000cd94","can "
"CAN_0x144","0000cda0","can "
"CAN_0x360","0000cdac","can "
"CAN_0x361","0000cdb8","can "
"CAN_0x4C1","0000cdc4","can "
"CAN_0xD1","0000cdd0","can "
"CAN_0xD2","0000cddc","can "
"CAN_0xD3","0000cde8","can "
"CAN_0xD4","0000cdf4","can "
"CAN_0x148","0000ce00","can "
"CAN_0x149","0000ce0c","can "
"CAN_0x14A","0000ce18","can "
"CAN_0x368","0000ce24","can "
"CAN_0x152","0000ce30","can "
"CAN_0x63B","0000ce3c","can "
"CAN_0x280","0000ce48","can "
"CAN_0x282","0000ce54","can "
"CAN_0x370","0000ce60","can "
"CAN_0x372","0000ce6c","can "
"CAN_0x720","0000ce78","can "
"CAN_0xD0","0000ce84","can "
"CAN_array","0000ce90","addr[32] "
"CEL_DATA_0000ebd6","0000ebd6","?? 00h"
"CEL_severity_array","0000ebd8","?? 02h"
"REG_PxCRy","00011a70","addr[25] "
"REG_PxDR","00011ad4","addr[13] "
"REG_PxPR","00011b08","addr[13] "
"REG_PxIR","00011b3c","addr[13] "
"REG_PxPSR","00011b70","addr[13] "
"REG_PxDSR","00011ba4","addr DAT_f0000000"
"query_2dtable_switch","00012580","addr[5] "
"query_3dtable_switch","00012604","addr[5] "
"FUN_MAF_00013b68","00013b68","extu.b index\,r0"
"FUN_MAF_00013c3a","00013c3a","movi20 #ENGINE_maf_root_maybe\,r1"
"Engine_Load_Limit_Maximum","00050868","float 4.0"
"Front_Oxygen_Sensor_Rich_Limit","00052d7c","float 0.75"
"PI_Ratio_00061cf0","00061cf0","float 0.5"
"CL_Fueling_Target_Comp_ECT_FUN_00066cae","00066cae","sts.l pr\,@-r15=>local_4"
"CL_Fueling_Target_Comp_Load_FUN_00067150","00067150","movmu.l r13\,@-r15=>local_4"
"LTFT_FLOAT_ARRAY_00068214","00068214","float[2] "
"AF_3_CL_Target_Comp","00069c34","float[2] "
"AF_3_Correction_Limits","0006a724","float[2] "
"AFR_Sensor_Heater_Protection","000dae00","2dmtable "
"AFR_Sensor_Heater_Duty_Cycle_A","000dae5c","2dmtable "
"AFR_Sensor_Heater_Duty_Cycle_B","000dae70","2dmtable "
"AFR_Sensor_Heating_Limit","000daee4","3dmtable "
"Gear_Shift_Indicator_B_Speed","000db108","2dmtable "
"Gear_Shift_Indicator_C_RPM","000db11c","2dmtable "
"Fuel_Multiplier_Offset","000db16c","2dmtable "
"Gear_Shift_Indicator_A_Load_RPM","000db228","3dmtable "
"Calculated_Torque_A","000db244","3dmtable "
"Calculated_Torque_B","000db260","3dmtable "
"gear_Determ_2dmtable_000db27c","000db27c","2dmtable "
"gear_Determ_2dmtable_000db290","000db290","2dmtable "
"gear_Determ_2dmtable_000db2a4_2B","000db2a4","2dmtable "
"gear_Determ_2dmtable_000db2b8_2C","000db2b8","2dmtable "
"gear_Determ_2dmtable_000db2cc_2A","000db2cc","2dmtable "
"2dmtable_gear_Determ_000db2e0","000db2e0","2dmtable "
"gear_Determ_2dmtable_000db2f4","000db2f4","2dmtable "
"gear_Determ_2dmtable_000db308_4B","000db308","2dmtable "
"gear_Determ_2dmtable_000db31c_5B","000db31c","2dmtable "
"gear_Determ_2dmtable_000db330_6B","000db330","2dmtable "
"gear_Determ_2dmtable_000db344_4C","000db344","2dmtable "
"gear_Determ_2dmtable_000db358_5C","000db358","2dmtable "
"gear_Determ_2dmtable_000db36c_6C","000db36c","2dmtable "
"gear_Determ_2dmtable_000db380_4A","000db380","2dmtable "
"gear_Determ_2dmtable_000db394_5A","000db394","2dmtable "
"gear_Determ_2dmtable_000db3a8_6A","000db3a8","2dmtable "
"2dmtable_gear_Determ_4b152_0A_000db3f8","000db3f8","2dmtable "
"2dmtable_gear_Determ_4b152_0B_000db40c","000db40c","2dmtable "
"gear_Determ_2dtable_000db420_1B","000db420","2dtable "
"gear_Determ_2dtable_000db42c_1A","000db42c","2dtable "
"gear_Determ_2dtable_000db450","000db450","2dtable "
"gear_Determ_2dtable_000db45c","000db45c","2dtable "
"2dtable_gear_Determ_4b152_2A_000db48c","000db48c","2dtable "
"2dtable_gear_Determ_4b152_2B_000db498","000db498","2dtable "
"2dtable_gear_Determ_4b152_3A_000db4b0","000db4b0","2dtable "
"2dtable_gear_Determ_4b152_4A_000db4bc","000db4bc","2dtable "
"2dtable_gear_Determ_4b152_3B_000db4c8","000db4c8","2dtable "
"2dtable_gear_Determ_4b152_4B_000db4d4","000db4d4","2dtable "
"gear_Determ_2dtable_fff890c0_1A_000db4f8_1B","000db4f8","2dtable "
"gear_Determ_2dtable_fff890c8_2A_000db504_2B","000db504","2dtable "
"gear_Determ_2dtable_fff890c0_1B_000db510_1A","000db510","2dtable "
"gear_Determ_2dtable_fff890c8_2B_000db51c_1B","000db51c","2dtable "
"Requested_Torque_A","000db54c","3dmtable "
"gear_Determ_3dmtable_000db5a0_1B","000db5a0","3dmtable "
"gear_Determ_3dmtable_000db5bc_1A","000db5bc","3dmtable "
"gear_Determ_3dmtable_000db5d8_1B","000db5d8","3dmtable "
"gear_Determ_3dmtable_000db5f4_3B","000db5f4","3dmtable "
"gear_Determ_3dmtable_000db610_1C","000db610","3dmtable "
"gear_Determ_3dmtable_000db62c_3C","000db62c","3dmtable "
"gear_Determ_3dmtable_000db648_1A","000db648","3dmtable "
"gear_Determ_3dmtable_000db664_3A","000db664","3dmtable "
"gear_Determ_3dmtable_000db680_1A","000db680","3dmtable "
"gear_Determ_3dmtable_000db69c_1B","000db69c","3dmtable "
"gear_Determ_3dmtable_000db6b8","000db6b8","3dmtable "
"gear_Determ_3dmtable_000db6d4","000db6d4","3dmtable "
"gear_Determ_3dmtable_000db6f0_1B","000db6f0","3dmtable "
"gear_Determ_3dmtable_000db70c_1C","000db70c","3dmtable "
"gear_Determ_3dmtable_000db728_1A","000db728","3dmtable "
"gear_Determ_3dmtable_000db744_2B","000db744","3dmtable "
"gear_Determ_3dmtable_000db760_2C","000db760","3dmtable "
"gear_Determ_3dmtable_000db77c_2A","000db77c","3dmtable "
"3dmtable_gear_Determ_4b152_1A_000db808","000db808","3dmtable "
"3dmtable_gear_Determ_4b152_1B_000db824","000db824","3dmtable "
"3dmtable_gear_Determ_000db840","000db840","3dmtable "
"3dtable_gear_Determ_000db85c","000db85c","3dtable "
"3dtable_gear_Determ_000db870","000db870","3dtable "
"3dtable_gear_Determ_000db884","000db884","3dtable "
"Post_Cranking_Airflow_initial_Reference_Coolant","000db8cc","2dmtable "
"Engine_Load_Limiter_A_table","000db8e0","2dmtable "
"Engine_Load_Limiter_B_table","000db8f4","2dmtable "
"2dmtable_knockiat_000db908","000db908","2dmtable "
"Post_Cranking_Load_Initial_Reference_Coolant","000db930","2dmtable "
"2dmtable_rpm_000db944_A_noop","000db944","2dmtable "
"2dmtable_rpm_000db958_B_noop","000db958","2dmtable "
"Front_Oxygen_Sensor_Comp_table","000db96c","2dmtable "
"2dmtable_rpm_000db9f4","000db9f4","2dmtable "
"MAF_Compensation_IAT_table","000dbbc4","3dmtable "
"Engine_Load_Compensation_table","000dbbfc","3dmtable "
"3dmtable_throttle_rpm_000dbc34_noop","000dbc34","3dmtable "
"3dmtable_rpm_throttle_000dc120","000dc120","3dmtable "
"Cylinder_Fill_Percentage_table","000dc13c","3dmtable "
"Solenoid_Control","000dc3f0","3dmtable "
"Solenoid_Duty","000dc40c","3dmtable "
"Misfire_Count_MAP_Threshold_A","000dc484","2dmtable "
"Misfire_Count_MAP_Threshold_B","000dc498","2dmtable "
"Failsafe_Idle_Throttle_Target_For_Airflow","000dd108","2dtable "
"Failsafe_Idle_Throttle_Target_B","000dd114","2dtable "
"Failsafe_Idle_Throttle_Target_C","000dd120","2dtable "
"AmbientTemp_P0071_2dtable_000dd384","000dd384","2dtable "
"Misfire_DTC_Threshold","000dd390","3dtable "
"Failsafe_Idle_Throttle_Target_D","000ddb10","3dtable "
"Cranking_Fuel_IPW_Comp_MAP","000ddde8","2dmtable "
"Cranking_Fuel_IPW_Comp_Accelerator","000dddfc","2dmtable "
"Cranking_Fuel_IPW_Comp_IAT","000dde10","2dmtable "
"DiPi_Fueling_ECT_Unknown_15","000dde84","2dtable "
"DiPi_Fueling_ECT_Unknown_16","000dde90","2dmtable "
"DiPi_Fueling_ECT_Unknown_12","000ddea4","2dmtable "
"dipi_ect_ratio_A","000ddeb8","2dmtable "
"AFR_Minimum_Correction","000ddf78","2dmtable "
"AFR_Maximum_Correction","000ddf8c","2dmtable "
"CL_Fueling_Unknown_D","000ddfa0","2dmtable "
"Low_Pulse_Width_Fuel_Injector_Comp_table","000de1f0","2dmtable "
"Throttle_Tip_In_Enrichment_Comp_RPM","000de204","2dmtable.conflict "
"Throttle_Tip_In_Enrichment_Comp_MRP","000de218","2dmtable.conflict "
"Throttle_Tip_In_Enrichment_Comp_A_ECT","000de22c","2dmtable "
"Tip_In_Enrichment_Disable_Applied_Counter_Threshold_A_ECT","000de240","2dtable "
"Tip_In_Enrichment_Disable_Applied_Counter_Threshold_B_ECT","000de24c","2dtable "
"DiPi_Fueling_ECT_Unknown_11A","000de4b0","2dmtable "
"DiPi_Fueling_ECT_Unknown_11C","000de4c4","2dmtable "
"DiPi_Fueling_ECT_Unknown_11B","000de514","2dmtable "
"DiPi_Fueling_ECT_Unknown_14","000de528","2dtable "
"CL_Fueling_Unknown_A","000de980","2dmtable "
"LTFT_2dmtable_000de9fc","000de9fc","2dmtable "
"ECT_Unknown_table","000deb68","2dmtable "
"CL_to_OL_Transition_with_Delay_Base","000deb90","2dmtable "
"CL_to_OL_Transition_with_Delay_Injector","000deba4","2dmtable "
"Throttle_Tip_In_Enrichment_A","000ded10","2dmtable "
"Throttle_Tip_In_Enrichment_B","000ded24","2dmtable "
"Throttle_Tip_In_Enrichment_Comp_B_ECT","000ded38","2dmtable "
"Throttle_Tip_In_Enrichment_Comp_C_ECT","000ded4c","2dmtable "
"Throttle_Tip_In_Enrichment_Comp_D_ECT","000ded6c","2dmtable.conflict "
"Tip_In_Enrichment_Disable_Throttle_Cumulative_Threshold_A_ECT","000ded80","2dmtable "
"Tip_In_Enrichment_Disable_Throttle_Cumulative_Threshold_B_ECT","000ded94","2dmtable "
"2dmtable_speed_000dee34","000dee34","2dmtable "
"Overrun_Fueling_RPM_Resume_Threshold_table","000dee84","2dmtable "
"DiPi_Fueling_ECT_Unknown_10","000deed8","2dtable "
"Port_Injection_MRP_Compensation","000defd8","2dtable "
"Direct_Injection_Quantity_Max_table","000defe4","2dtable "
"Direct_Injection_Quantity_Min_table","000deff0","2dtable "
"dipi_ECT_Unknown","000df008","2dtable "
"AF_Learning_1_Airflow_A","000df020","2dtable "
"AF_Learning_1_Airflow_B","000df02c","2dtable "
"DiPi_Fueling_ECT_Unknown_1A","000df0b0","2dtable "
"DiPi_Fueling_ECT_Unknown_1B","000df0bc","2dtable "
"DiPi_Fueling_ECT_Unknown_2A","000df0c8","2dtable "
"DiPi_Fueling_ECT_Unknown_2B","000df0d4","2dtable "
"DiPi_Fueling_ECT_Unknown_3A","000df0e0","2dtable "
"DiPi_Fueling_ECT_Unknown_3B","000df0ec","2dtable "
"DiPi_Fueling_ECT_Unknown_4A","000df0f8","2dtable "
"DiPi_Fueling_ECT_Unknown_5A","000df104","2dtable "
"DiPi_Fueling_ECT_Unknown_6A","000df110","2dtable "
"DiPi_Fueling_ECT_Unknown_7A","000df11c","2dtable "
"DiPi_Fueling_ECT_Unknown_8A","000df128","2dtable "
"DiPi_Fueling_ECT_Unknown_9A","000df134","2dtable "
"DiPi_Fueling_ECT_Unknown_4B","000df140","2dtable "
"DiPi_Fueling_ECT_Unknown_5B","000df14c","2dtable "
"DiPi_Fueling_ECT_Unknown_6B","000df158","2dtable "
"DiPi_Fueling_ECT_Unknown_7B","000df164","2dtable "
"DiPi_Fueling_ECT_Unknown_8B","000df170","2dtable "
"DiPi_Fueling_ECT_Unknown_9B","000df17c","2dtable "
"GDI_Firing_Angle_Cold_Idle","000df234","3dmtable "
"GDI_Firing_Angle_High_Load_Cold","000df250","3dmtable "
"GDI_Firing_Angle_High_Load_Hot","000df26c","3dmtable "
"GDI_Firing_Angle_Low_Load_Cold","000df288","3dmtable "
"GDI_Firing_Angle_Low_Load_Hot","000df2a4","3dmtable "
"GDI_Pressure_Multiplier_A","000df2c0","3dmtable "
"GDI_Pressure_Target_A","000df2f8","3dmtable "
"Cranking_Fuel_IPW_Comp_A_RPM","000df368","3dmtable "
"Total_Injection_Ratio_Port_Warm","000df3a0","3dmtable "
"Total_Injection_Ratio_Port_Cold","000df3bc","3dmtable "
"Total_Injection_Ratio_Port_Hot","000df3d8","3dmtable "
"DiPi_Fueling_ECT_Unknown_17","000df3f4","3dmtable "
"DiPi_Fueling_ECT_Unknown_13","000df410","3dmtable "
"dipi_ect_ratio_B","000df448","3dmtable "
"dipi_ect_ratio_C","000df480","3dmtable "
"CL_Fueling_Unknown_B","000df4e0","3dmtable "
"CL_Fueling_Unknown_C","000df4fc","3dmtable "
"CL_Fueling_Unknown_E","000df518","3dmtable "
"CLOL_3dmtable_000df550","000df550","3dmtable "
"Primary_Open_Loop_Fueling_Timing_Max","000df56c","3dmtable "
"Primary_Open_Loop_Fueling_Timing_Min","000df588","3dmtable "
"Primary_Open_Fueling_Additive_IAM_Max","000df5a4","3dmtable "
"Primary_Open_Fueling_Additive_IAM_Min","000df5c0","3dmtable "
"Primary_Open_Loop_Fueling_Minimum","000df710","3dmtable "
"Per_Injector_Pulse_Width_A_table","000df764","3dmtable "
"Per_Injector_Pulse_Width_B_table","000df780","3dmtable "
"Per_Injector_Pulse_Width_C_table","000df79c","3dmtable "
"Per_Injector_Pulse_Width_D_table","000df7b8","3dmtable "
"Per_Injector_Pulse_Width_E_table","000df7d4","3dmtable "
"Per_Injector_Pulse_Width_F_table","000df7f0","3dmtable "
"Per_Injector_Pulse_Width_G_table","000df80c","3dmtable "
"Per_Injector_Pulse_Width_H_table","000df828","3dmtable "
"GDI_Pressure_Multiplier_B","000df860","3dmtable "
"GDI_Pressure_Target_B","000df87c","3dmtable "
"Cranking_Fuel_IPW_B_ECT","000df908","3dmtable "
"Cranking_Fuel_IPW_E_ECT","000df924","3dmtable "
"Cranking_Fuel_IPW_F_ECT","000df940","3dmtable "
"Cranking_Fuel_IPW_I_ECT","000df95c","3dmtable "
"Cranking_Fuel_IPW_J_ECT","000df978","3dmtable "
"Injector_Latency_table","000dfa58","3dtable "
"Input_A_Rising_Load_Activation_ECT_Load_1","000dfaa4","3dmtable "
"Input_A_Rising_Load_Activation_ECT_Load_2","000dfac0","3dmtable "
"Input_A_Rising_Load_Activation_ECT_Load_3","000dfadc","3dmtable "
"Input_A_Rising_Load_Activation_ECT_Load_4","000dfaf8","3dmtable "
"Input_A_Rising_Load_Activation_ECT_Load_5","000dfb14","3dmtable "
"Input_A_Rising_Load_Activation_ECT_Load_6","000dfb30","3dmtable "
"Input_A_Rising_Load_Activation_ECT_Load_7","000dfb4c","3dmtable "
"Input_A_Rising_Load_Activation_ECT_Load_8","000dfb68","3dmtable "
"Input_A_Rising_Load_Activation_ECT_Load_9","000dfb84","3dmtable "
"Input_A_Rising_Load_Activation_ECT_Load_10","000dfba0","3dmtable "
"Input_A_Rising_Load_Activation_ECT_Load_11","000dfbbc","3dmtable "
"Input_A_Rising_Load_Activation_ECT_Load_12","000dfbd8","3dmtable "
"Input_A_Rising_Load_Activation_ECT_Load_13","000dfbf4","3dmtable "
"Input_A_Rising_Load_Activation_ECT_Load_14","000dfc10","3dmtable "
"CL_Fueling_Target_Comp_A_ECT","000dfea8","3dmtable "
"CL_Fueling_Target_Comp_B_ECT","000dfec4","3dmtable "
"CL_Fueling_Target_Comp_A_Load","000dfee0","3dmtable "
"CL_Fueling_Target_Comp_B_Load","000dfefc","3dmtable "
"TPS_Related_Fuel_Adder_Activation_Min_Load","000e0148","3dmtable "
"Overrun_A_000e019c","000e019c","3dmtable "
"Overrun_B_000e01b8","000e01b8","3dmtable "
"Overrun_C_000e014","000e01d4","3dmtable "
"Overrun_D_000e01f0","000e01f0","3dmtable "
"Overrun_E_000e020c","000e020c","3dmtable "
"CL_Fueling_Target_Comp_C_Load","000e02ec","3dmtable "
"GDI_Flow_Rate","000e0308","3dtable "
"Ignition_Timing_Post_Start","000e036c","2dmtable "
"Minimum_Timing","000e0380","2dmtable "
"2dmtable_rpm_000e03bc_1","000e03bc","2dmtable "
"2dmtable_rpm_000e03d0_2","000e03d0","2dmtable "
"2dmtable_rpm_000e03e4_3","000e03e4","2dmtable "
"Ignition_Timing_Comp_MAP_Delta_Clutch","000e040c","2dmtable "
"Base_Timing_Idle_In-gear_Below","000e045c","2dmtable "
"Base_Timing_Idle_Neutral","000e0470","2dmtable "
"Base_Timing_Idle_Unknown_A","000e0484","2dmtable "
"Base_Timing_Idle_Unknown_B","000e0498","2dmtable "
"Timing_Unknown_E1","000e04fc","2dmtable "
"Timing_Unknown_G1","000e0510","2dmtable "
"Timing_Unknown_G2","000e0524","2dmtable "
"Timing_Unknown_E2","000e0538","2dmtable "
"Base_Timing_Unknown_C","000e0588","2dmtable "
"Timing_Compensation_A_ECT","000e05c4","2dmtable "
"Timing_Compensation_B_ECT","000e05d8","2dmtable "
"Timing_Compensation_IAT","000e0614","2dmtable "
"2dmtable_Gears_Unknown_1a","000e0790","2dmtable "
"2dmtable_Gears_Unknown_1","000e07a4","2dmtable "
"2dmtable_Gears_Unknown_2a","000e07b8","2dmtable "
"2dmtable_Gears_Unknown_2","000e07cc","2dmtable "
"2dmtable_Gears_Unknown_3a","000e07e0","2dmtable "
"2dmtable_Gears_Unknown_3","000e07f4","2dmtable "
"2dmtable_Gears_Unknown_4a","000e0808","2dmtable "
"2dmtable_Gears_Unknown_4","000e081c","2dmtable "
"2dmtable_Gears_Unknown_5a","000e0830","2dmtable "
"2dmtable_Gears_Unknown_5","000e0844","2dmtable "
"2dmtable_Gears_Unknown_6a","000e0858","2dmtable "
"2dmtable_Gears_Unknown_6","000e086c","2dmtable "
"AFR_Sensor_Atmo_Pressure_Comp","000e0918","2dmtable "
"Timing_Unknown_A","000e09d0","2dmtable "
"Timing_Unknown_D2","000e09e4","2dmtable "
"Timing_Unknown_D1","000e09f8","2dmtable "
"Timing_Unknown_B","000e0a0c","2dmtable "
"Timing_Unknown_F1","000e0a20","2dmtable "
"Timing_Unknown_H","000e0a34","2dmtable "
"Timing_Unknown_C","000e0b6c","2dtable "
"Minimum_CFP_Delta_for_Transient_Retard","000e0c8c","2dtable "
"Knock_Threshold","000e0ca4","2dtable "
"Knock_2dtable_000e0cb0","000e0cb0","2dtable "
"Base_Timing_Idle_In-gear_Above","000e0ce4","3dmtable "
"Base_Timing_A2_Base","000e0d1c","3dmtable "
"Base_Timing_A1_Safe","000e0d38","3dmtable "
"Base_Timing_B2","000e0d54","3dmtable "
"Base_Timing_B1","000e0d70","3dmtable "
"Timing_Compensation_IAT_Activation","000e0e88","3dmtable "
"Ignition_Timing_Comp_Idle_Target_Out_of_Error_A","000e0ea4","3dmtable "
"Ignition_Timing_Comp_Idle_Target_In_Error_A","000e0ec0","3dmtable "
"Ignition_Timing_Comp_Idle_Target_Load_Change_A","000e0edc","3dmtable "
"Ignition_Timing_Comp_Idle_Target_In_Error_B","000e0ef8","3dmtable "
"Ignition_Timing_Comp_Idle_Target_Load_Change_B","000e0f14","3dmtable "
"Catalyst_Warm_Up_Idle","000e0f68","3dmtable "
"Catalyst_Warm_Up_Non-Idle","000e0fa0","3dmtable "
"Transient_Ignition_Retard_Temp_Comp","000e1010","3dmtable "
"Transient_Ignition_Retard","000e102c","3dmtable "
"Timing_Compensation_Per_Cylinder_A","000e109c","3dmtable "
"Timing_Compensation_Per_Cylinder_B","000e10b8","3dmtable "
"Timing_Compensation_Per_Cylinder_C","000e10d4","3dmtable "
"Timing_Compensation_Per_Cylinder_D","000e10f0","3dmtable "
"Knock_Correction_Unknown_B","000e1144","3dmtable "
"Knock_Correction_Unknown_A","000e1160","3dmtable "
"Knock_Correction_Advance_Max_A","000e117c","3dmtable "
"Idle_Speed_Target_A","000e176c","2dmtable "
"Idle_Speed_Target_B","000e1780","2dmtable "
"Idle_Speed_Target_C","000e1794","2dmtable "
"Idle_Speed_Target_D","000e17a8","2dmtable "
"Idle_Speed_Target_E","000e17bc","2dmtable "
"Idle_Speed_Target_F","000e17d0","2dmtable "
"Idle_Speed_Target_G","000e17e4","2dmtable "
"Idle_Speed_Target_H","000e17f8","2dmtable "
"Idle_Speed_Target_I","000e180c","2dmtable "
"Idle_Speed_Target_J","000e1820","2dmtable "
"Idle_Speed_Target_K","000e1834","2dmtable "
"Idle_Speed_Target_L","000e1848","2dmtable "
"Idle_Speed_Stability_Additive_table","000e1870","2dmtable "
"Desired_Overrun_Mass_Airflow_A_table","000e1ca4","3dmtable "
"Desired_Overrun_Mass_Airflow_C_table","000e1cc0","3dmtable "
"Desired_Overrun_Mass_Airflow_B_table","000e1cdc","3dmtable "
"Idle_Speed_Stability_A_table","000e1d4c","3dmtable "
"Idle_Speed_Stability_B_table","000e1d68","3dmtable "
"MAF_Correction_After_Start_Neutral","000e1ed8","3dmtable "
"MAF_Correction_After_Start_In_Gear","000e1ef4","3dmtable "
"3dtable_rpm_gear_000e1f48_A","000e1f48","3dtable "
"3dtable_rpm_gear_000e1f84_B","000e1f84","3dtable "
"3dtable_000e1fc0_rpm_gear_C1","000e1fc0","3dtable "
"3dtable_000e1fd4_rpm_gear_C2","000e1fd4","3dtable "
"3dtable_000e2038_rpm_gear_D1","000e2038","3dtable "
"3dtable_000e204c_rpm_gear_D2","000e204c","3dtable "
"Requested_Torque_Base","000e20ec","2dmtable "
"Idle_Throttle_Target_B","000e213c","2dmtable "
"Idle_Throttle_Target_C","000e2150","2dmtable "
"Idle_Throttle_Target_For_Airflow","000e2170","2dtable "
"Target_Throttle_Plate_Pos_Max_Req_Torque","000e21d0","3dmtable "
"Requested_Torque_B","000e2278","3dmtable "
"Idle_Throttle_Target_D","000e23dc","3dtable "
"Knock_Sensor_Calibration","000e295c","2dmtable "
"Coolant_Temp_Sensor_Scaling","000e2970","2dtable "
"Intake_Temp_Sensor_Scaling","000e297c","2dtable "
"MAF_Sensor_Scaling","000e2a0c","2dtable "
"Front_Oxygen_Sensor_Scaling_A_table","000e2a18","2dtable "
"Front_Oxygen_Sensor_Scaling_B_table","000e2a24","2dtable "
"Ignition_Dwell","000e2a30","3dtable "
"P1109_IAT_2dmtable_000e2cf8","000e2cf8","2dmtable "
"AVCS_Unknown_ECT_B","000e2dc4","2dmtable "
"Intake_AVCS_Unknown_ECT_E","000e2dd8","2dmtable "
"Intake_AVCS_Unknown_ECT_E","000e2dec","2dmtable "
"Intake_Duty_Correction_AC_Adjust_B","000e2e28","2dmtable "
"Intake_Duty_Correction_AC_Adjust_A","000e2e3c","2dmtable "
"Intake_Duty_Correction_BD_Adjust_B","000e2e50","2dmtable "
"Intake_Duty_Correction_BD_Adjust_A","000e2e64","2dmtable "
"Intake_Duty_Correction_EF_Adjust","000e2e78","2dmtable "
"Intake_Duty_Correction_E_Adjust","000e2e8c","2dmtable "
"Intake_Duty_Correction_F_Adjust","000e2ea0","2dmtable "
"Exhaust_Duty_Correction_AC_Adjust_B","000e2eb4","2dmtable "
"Exhaust_Duty_Correction_AC_Adjust_A","000e2ec8","2dmtable "
"Exhaust_Duty_Correction_BD_Adjust_B","000e2edc","2dmtable "
"Exhaust_Duty_Correction_BD_Adjust_A","000e2ef0","2dmtable "
"Exhaust_Duty_Correction_EF_Adjust","000e2f04","2dmtable "
"Exhaust_Duty_Correction_E_Adjust","000e2f18","2dmtable "
"Exhaust_Duty_Correction_F_Adjust","000e2f2c","2dmtable "
"Intake_Duty_7_2","000e2fb8","2dmtable "
"Intake_Duty_6_2","000e2fcc","2dmtable "
"Intake_Duty_67_1","000e2fe0","2dmtable "
"AVCS_Duty_89_2","000e2ff4","2dmtable "
"Intake_Duty_89_3","000e3008","2dmtable "
"Intake_Duty_89_4","000e301c","2dmtable "
"Exhaust_Duty_89_3","000e3030","2dmtable "
"Exhaust_Duty_89_4","000e3044","2dmtable "
"Exhaust_Duty_6_2","000e3080","2dmtable "
"Exhaust_Duty_7_2","000e3094","2dmtable "
"Exhaust_Duty_67_1","000e30a8","2dmtable "
"AVCS_Unknown_ECT_A2","000e30bc","2dtable "
"Intake_Duty_89_1","000e30c8","2dtable "
"Intake_Duty_1_1","000e30d4","2dtable "
"Intake_Duty_67_2_Adjust","000e30e0","2dtable "
"Intake_Duty_67_1_Adjust_A","000e30ec","2dtable "
"Intake_Duty_67_1_Adjust_B","000e30f8","2dtable "
"Intake_Duty_67_3","000e3104","2dtable "
"Exhaust_Duty_89_1","000e3110","2dtable "
"Exhaust_Duty_1_1","000e311c","2dtable "
"Exhaust_Duty_67_2_Adjust","000e3128","2dtable "
"Exhaust_Duty_67_1_Adjust_A","000e3134","2dtable "
"Exhaust_Duty_67_1_Adjust_B","000e3140","2dtable "
"Exhaust_Duty_67_3","000e314c","2dtable "
"Exhaust_Cam_Retard_Angle_Base_AVCS","000e3158","3dmtable "
"Intake_Cam_Advance_Angle_Safe_AVCS","000e31ac","3dmtable "
"Intake_Cam_Advance_Angle_Normal_AVCS","000e31c8","3dmtable "
"Intake_Cam_Advance_Angle_Base_AVCS","000e31e4","3dmtable "
"3dmtable_000e3200","000e3200","3dmtable "
"3dmtable_000e321c","000e321c","3dmtable "
"Intake_Duty_Cycle_1","000e3238","3dmtable "
"Exhaust_Duty_Cycle_1","000e3254","3dmtable "
"Exhaust_Cam_Retard_Angle_Safe_AVCS","000e328c","3dmtable "
"Exhaust_Cam_Retard_Angle_Normal_AVCS","000e32a8","3dmtable "
"AVCS_Unknown_ECT_A1","000e3318","3dmtable "
"AVCS_Unknown_Load_RPM_D","000e3334","3dmtable "
"AVCS_Unknown_Load_RPM_G","000e3350","3dmtable "
"AVCS_Unknown_Load_RPM_C","000e336c","3dmtable "
"AVCS_Unknown_Load_RPM_F","000e3388","3dmtable "
"Intake_Duty_Correction_A","000e33a4","3dmtable "
"Intake_Duty_Correction_B","000e33c0","3dmtable "
"Intake_Duty_Correction_C","000e33dc","3dmtable "
"Intake_Duty_Correction_D","000e33f8","3dmtable "
"Intake_Duty_Correction_E","000e3414","3dmtable "
"Intake_Duty_Correction_F","000e3430","3dmtable "
"AVCS_Duty_1_2","000e344c","3dmtable "
"Exhaust_Duty_Correction_E","000e3468","3dmtable "
"Exhaust_Duty_Correction_F","000e3484","3dmtable "
"Exhaust_Duty_Correction_A","000e34a0","3dmtable "
"Exhaust_Duty_Correction_B","000e34bc","3dmtable "
"Exhaust_Duty_Correction_C","000e34d8","3dmtable "
"Exhaust_Duty_Correction_D","000e34f4","3dmtable "
"AVCS_Unknown_ECT_A","000e3510","3dtable "
"Gear_Shift_Indicator_D_Speed","001025d8","float 300.0"
"gear_Determ_00103121","00103121","db 2h"
"gear_Determ_ARRAY_1036a4","001036a4","float[5] "
"MAF_Limit_Maximum","00104770","float 200.0"
"Gear_Determ_Thresholds_A","00104a18","float[5] "
"Gear_Determ_Thresholds_B","00104a2c","float[5] "
"Engine_Load_Limiter_A_xaxis","00104c48","float[9] "
"Engine_Load_Limiter_A_data","00104c6c","short[9] "
"Engine_Load_Limiter_B_xaxis","00104c80","float[9] "
"Engine_Load_Limiter_B_data","00104ca4","short[9] "
"Front_Oxygen_Sensor_Comp_xaxis","00104e10","float 491.0"
"Front_Oxygen_Sensor_Comp_data","00104e20","dw 40632"
"MAF_Compensation_IAT_xaxis","00105838","float[6] "
"MAF_Compensation_IAT_yaxis","00105850","float[10] "
"MAF_Compensation_IAT_data","00105878","db[60] "
"Engine_Load_Compensation_xaxis","001058c8","float[15] "
"Engine_Load_Compensation_yaxis","00105904","float[24] "
"Engine_Load_Compensation_data","00105964","db[360] "
"Cylinder_Fill_Percentage_xaxis","00108054","float[16] "
"Cylinder_Fill_Percentage_yaxis","00108094","float[22] "
"Cylinder_Fill_Percentage_data","001080ec","db[352] "
"AmbientTemp_P0071_FLOAT_00109d28","00109d28","float 25.0"
"PI_Ratio_0011169b","0011169b","undefined1 00h"
"Tip_In_Enrichment_Applied_Counter_Reset","001116cc","db 16h"
"Tip_In_Throttle_Cumulative_Reset","001116cd","db 16h"
"PI_Ratio_00111702","00111702","undefined2 002Fh"
"PI_Ratio_00111704","00111704","undefined2 0001h"
"Hotstart_Enrichment_Decay_Delay","0011176e","undefined2 0FDFh"
"Hotstart_Minimum_Enrichment_Limit_Runtime","00111770","undefined2 1388h"
"GDI_Pressure_Multiplier_C","00111864","float 0.078"
"Injector_Flow_Scaling_BRZ","001118d0","float 263.1"
"Injector_Minimum_Open_Time","00111900","float 610.0"
"Injector_Flow_Scaling","00111904","float 12176.6"
"Engine_Load_Multiplier","00111908","float 46.278999"
"Minimum_Port_Injection_Quantity","00111914","float 2.28"
"PI_Ratio_Threshold_RPM","00111928","float 3200.0"
"PI_Ratio_Thresholds_Load","0011192c","float 0.6"
"PI_Ratio_Thresholds","00111930","float 0.34999999"
"PI_Ratio_00111934","00111934","float 0.75"
"PI_Ratio_00111938","00111938","float 0.0"
"PI_Ratio_0011193c","0011193c","float 0.0"
"PI_Ratio_00111940","00111940","float 0.0"
"Fuel_Injection_Ratio_ECT_Threshold_A","00111944","float[2] "
"Fuel_Injection_Ratio_ECT_Threshold_B","00111954","float[2] "
"CL_Fueling_Target_Comp_ECT_Disable","00111b44","float 200.0"
"AF_Learning_1_Limits","00111c0c","float[2] "
"Min_Active_Primary_Open_Loop_Enrichment","00111dc0","float 0.02"
"CL_to_OL_00111dc4","00111dc4","float 0.021255385"
"CL_to_OL_0010ef54","00111dc4","float 0.021255385"
"Hotstart_High_Enrichment_Activation_ECT","00111e24","float 200.0"
"Hotstart_High_Enrichment_Activation_IAT","00111e28","float 200.0"
"Hotstart_Low_Enrichment_Activation_Threshold_ECT","00111e2c","float 200.0"
"Initial_Hotstart_Enrichment_High","00111e34","undefined4 00000000h"
"Initial_Hotstart_Enrichment_Low","00111e38","float 0.0"
"Hotstart_Minimum_Enrichment_During_Delay_and_Runtime","00111e44","float 0.059999999"
"Hotstart_Enrichment_Decay_Step","00111e48","float 0.004"
"Maximum_Non-idle_Hotstart_Enrichment_Post_Delay","00111e4c","float 0.0"
"Low_Pulse_Width_Fuel_Injector_Comp_Maximum_RPM","00111fe4","float 10000.0"
"Low_Pulse_Width_Fuel_Injector_Comp_Maximum_IPW","00111fe8","float 10000.0"
"Overrun_Enrich_RPM_Delta_Activation","00112014","float -10000.0"
"Overrun_Initial_Injector_Enrichment_PW","00112018","float 0.0"
"Minimum_Tip_In_Enrichment_Activation_Throttle","00112020","float 1.5"
"Throttle_Tip_In_Enrichment_Comp_D_ECT_Activation","00112028","float 1.0"
"Minimum_Tip_In_Enrichment_Activation","0011202c","float 600.0"
"Overrun_Fueling_Cut_Counter_RPM_Threshold","001120ac","float[5] "
"Rev_Limit_A_on_above","001120cc","float 7450.0"
"Rev_Limit_A","001120cc","float 7450.0"
"Rev_Limit_A_off_below","001120d0","float 7100.0"
"Rev_Limit_B_off_below","001120d4","float 7200.0"
"Rev_Limit_B","001120d4","float 7200.0"
"Rev_Limit_B_on_above","001120d8","float 7400.0"
"Rev_Limit_Fuel_Resume_MP","001120dc","float 1000.0"
"Speed_Limiter_Off_Below","001120e0","float[2] "
"Speed_Limiter","001120e0","float[2] "
"Speed_Limiter_On_Above","001120e4","float 1002.0 (float[2][1])"
"Throttle_xaxis","00112344","float[16] "
"Low_Pulse_Width_Fuel_Injector_Comp_xaxis","00112f6c","float[8] "
"Low_Pulse_Width_Fuel_Injector_Comp_data","00112f8c","sdb[8] "
"AF_Learning_1_Airflow_A_xaxis","00115014","float[5] "
"AF_Learning_1_Airflow_A_data","00115028","float[5] "
"AF_Learning_1_Airflow_B_xaxis","0011503c","float[5] "
"AF_Learning_1_Airflow_B_data","00115050","float[5] "
"LTFT_FLOAT_ARRAY_00115074","00115074","float[4] "
"LTFT_FLOAT_ARRAY_00115094","00115094","float[4] "
"Injector_Latency_xaxis","00118058","float[5] "
"Injector_Latency_yaxis","0011806c","float[3] "
"Injector_Latency_data","00118078","dw[15] "
"Overrun_A_data","0011b65c","dw[24] "
"Overrun_B_data","0011b6b4","dw[24] "
"Overrun_C_data","0011b70c","dw[24] "
"Overrun_D_data","0011b764","dw[24] "
"Overrun_E_data","0011b7bc","dw[24] "
"Feedback_Correction_Negative_Advance_Delay","0011c168","undefined2 007Dh"
"Fine_Correction_Advance_Delay","0011c178","undefined2 007Dh"
"Base_Timing_Idle_Vehicle_Speed_Threshold","0011c268","float 4.0"
"Timing_Unknown_I","0011c294","float -15.0"
"Transient_Ignition_Retard_ECT_Threshold","0011c464","float 70.0"
"Transient_Ignition_Retard_RPM_Threshold","0011c468","float 10000.0"
"Transient_Ignition_Retard_TPS_Angle_Threshold","0011c46c","float 0.0"
"Transient_Ignition_Retard_Engine_Load_Threshold","0011c470","float 0.05"
"Timing_Compensation_Maximum_RPM_Per_Cylinder","0011c490","float 10000.0"
"Timing_Compensation_Minimum_Load_Per_Cylinder","0011c494","float 0.55"
"Timing_Compensation_Minimum_Coolant_Temp_Per_Cylinder","0011c498","float 60.0"
"Feedback_Correction_Minimum_Load","0011c49c","float[2] "
"Feedback_Correction_Range_RPM","0011c4a4","float[4] "
"Feedback_Correction_Retard_Limit","0011c4c0","float 5.0"
"Feedback_Correction_Retard_Value","0011c4c4","float 1.05"
"Feedback_Correction_Negative_Advance_Value","0011c4c8","float 0.34999999"
"Rough_Correction_Range_RPM","0011c5b4","float[4] "
"Rough_Correction_Range_Load","0011c5c4","float[4] "
"Rough_Correction_Min_KC_Advance","0011c5d4","float 0.0"
"Advance_Multiplier_Initial","0011c5d8","float 0.69999999"
"Advance_Multiplier_Step_Value","0011c5dc","float 0.0"
"Fine_Correction_Rows_RPM","0011c604","float[6] "
"Fine_Correction_Cols_Load","0011c620","float[4] "
"Fine_Correction_Advance_Limit","0011c638","float 3.5"
"Fine_Correction_Advance_Value","0011c63c","float 0.34999999"
"Fine_Correction_Retard_Value","0011c640","float 1.05"
"Fine_Correction_Retard_Limit","0011c65c","float -5.0"
"Fine_Correction_Range_RPM","0011c668","float[4] "
"Fine_Correction_Range_Load","0011c678","float[4] "
"Base_Timing_A2_xaxis","0011e040","float[14] "
"Base_Timing_A2_yaxis","0011e078","float[23] "
"Base_Timing_A2_data","0011e0d4","db[322] "
"Base_Timing_A1_xaxis","0011e218","float[14] "
"Base_Timing_A1_yaxis","0011e250","float[23] "
"Base_Timing_A1_data","0011e2ac","db[322] "
"Base_Timing_B2_xaxis","0011e3f0","float[14] "
"Base_Timing_B2_yaxis","0011e428","float[23] "
"Base_Timing_B2_data","0011e484","db[322] "
"Base_Timing_B1_xaxis","0011e5c8","float[14] "
"Base_Timing_B1_yaxis","0011e600","float[23] "
"Base_Timing_B1_data","0011e65c","db[322] "
"Timing_Compensation_Per_Cylinder_A_xaxis","0011eecc","float[16] "
"Timing_Compensation_Per_Cylinder_A_yaxis","0011ef0c","float[6] "
"Timing_Compensation_Per_Cylinder_A_data","0011ef24","db[96] "
"Fuel_Injection_Ratio_ECT_Threshold_A_NOT_REALLY","00120348","float[2] "
"Desired_Overrun_Mass_Airflow_A_xaxis","00122150","float[21] "
"Desired_Overrun_Mass_Airflow_A_yaxis","001221a4","float[16] "
"Desired_Overrun_Mass_Airflow_A_data","001221e4","dw[336] "
"Desired_Overrun_Mass_Airflow_C_xaxis","00122484","float[2] "
"Desired_Overrun_Mass_Airflow_C_yaxis","0012248c","float[2] "
"Desired_Overrun_Mass_Airflow_C_data","00122494","dw[4] "
"Desired_Overrun_Mass_Airflow_B_xaxis","0012249c","float[21] "
"Desired_Overrun_Mass_Airflow_B_yaxis","001224f0","float[16] "
"Desired_Overrun_Mass_Airflow_B_data","00122530","dw[336] "
"ECUID_3","001245ea","ds \"ZA1JS10C\""
"EFN","001245f2","?? 00h"
"CEL_array","00124778","cel[226] "
"CEL_P030x_A","00124778","cel[226] "
"CEL_P030x_B","00124784","?? 01h (cel.field0_0x0)"
"CEL_P0335","00124790","?? 01h (cel.field0_0x0)"
"CEL_P0336","0012479c","?? 01h (cel.field0_0x0)"
"CEL_P0604","001247a8","?? 01h (cel.field0_0x0)"
"CEL_P0102","001247b4","?? 01h (cel.field0_0x0)"
"CEL_P0103","001247c0","?? 01h (cel.field0_0x0)"
"CEL_P0333","001247e4","?? 01h (cel.field0_0x0)"
"CEL_P0327","001247f0","?? 01h (cel.field0_0x0)"
"CEL_P0328","001247fc","?? 01h (cel.field0_0x0)"
"CEL_P0122","00124808","?? 01h (cel.field0_0x0)"
"CEL_P0123","00124814","?? 01h (cel.field0_0x0)"
"CEL_P0117","00124820","?? 01h (cel.field0_0x0)"
"CEL_P0118","0012482c","?? 01h (cel.field0_0x0)"
"CEL_P0125","00124838","?? 01h (cel.field0_0x0)"
"CEL_P0462","00124844","?? 01h (cel.field0_0x0)"
"CEL_P0463","00124850","?? 01h (cel.field0_0x0)"
"CEL_P0461","0012485c","?? 01h (cel.field0_0x0)"
"CEL_P0851","00124868","?? 01h (cel.field0_0x0)"
"CEL_P0852","00124874","?? 01h (cel.field0_0x0)"
"CEL_P2158","00124880","?? 01h (cel.field0_0x0)"
"CEL_P2270","0012488c","?? 01h (cel.field0_0x0)"
"CEL_P2271","00124898","?? 01h (cel.field0_0x0)"
"CEL_P2530","001248a4","?? 01h (cel.field0_0x0)"
"CEL_P0071","001248b0","?? 01h (cel.field0_0x0)"
"CEL_P0073","001248bc","?? 01h (cel.field0_0x0)"
"CEL_P0072","001248c8","?? 01h (cel.field0_0x0)"
"CEL_P0685","001248d4","?? 01h (cel.field0_0x0)"
"CEL_P0506","001248e0","?? 01h (cel.field0_0x0)"
"CEL_P0507","001248ec","?? 01h (cel.field0_0x0)"
"CEL_P0011","001248f8","?? 01h (cel.field0_0x0)"
"CEL_P0021","00124904","?? 01h (cel.field0_0x0)"
"CEL_P0458","00124910","?? 01h (cel.field0_0x0)"
"CEL_P0459","0012491c","?? 01h (cel.field0_0x0)"
"CEL_P0141","00124928","?? 01h (cel.field0_0x0)"
"CEL_P0133","00124934","?? 00h (cel.field0_0x0)"
"CEL_P0420","00124940","?? 01h (cel.field0_0x0)"
"CEL_P0456","0012494c","?? 01h (cel.field0_0x0)"
"CEL_P119E","00124958","?? 01h (cel.field0_0x0)"
"CEL_P0171","00124964","?? 01h (cel.field0_0x0)"
"CEL_P0172","00124970","?? 01h (cel.field0_0x0)"
"CEL_P0137","0012497c","?? 01h (cel.field0_0x0)"
"CEL_P0131","00124988","?? 01h (cel.field0_0x0)"
"CEL_P0132","00124994","?? 01h (cel.field0_0x0)"
"CEL_P0138","001249a0","?? 01h (cel.field0_0x0)"
"CEL_P0112","001249ac","?? 01h (cel.field0_0x0)"
"CEL_P0113","001249b8","?? 01h (cel.field0_0x0)"
"CEL_P0111","001249c4","?? 01h (cel.field0_0x0)"
"CEL_P0038","001249d0","?? 01h (cel.field0_0x0)"
"CEL_P0032","001249dc","?? 01h (cel.field0_0x0)"
"CEL_P0037","001249e8","?? 01h (cel.field0_0x0)"
"CEL_P0031","001249f4","?? 01h (cel.field0_0x0)"
"CEL_P0107","00124a00","?? 01h (cel.field0_0x0)"
"CEL_P0108","00124a0c","?? 01h (cel.field0_0x0)"
"CEL_P0128","00124a18","?? 01h (cel.field0_0x0)"
"CEL_P0562","00124a24","?? 01h (cel.field0_0x0)"
"CEL_P0563","00124a30","?? 01h (cel.field0_0x0)"
"CEL_P0230","00124a3c","?? 01h (cel.field0_0x0)"
"CEL_P0068","00124a48","?? 01h (cel.field0_0x0)"
"CEL_P0101","00124a54","?? 01h (cel.field0_0x0)"
"CEL_P0134","00124a60","?? 01h (cel.field0_0x0)"
"CEL_P0030","00124a6c","?? 01h (cel.field0_0x0)"
"CEL_P2109","00124a78","?? 01h (cel.field0_0x0)"
"CEL_P0222","00124a84","?? 01h (cel.field0_0x0)"
"CEL_P0223","00124a90","?? 01h (cel.field0_0x0)"
"CEL_P1160","00124a9c","?? 01h (cel.field0_0x0)"
"CEL_P2102","00124aa8","?? 01h (cel.field0_0x0)"
"CEL_P2103","00124ab4","?? 01h (cel.field0_0x0)"
"CEL_P2101","00124ac0","?? 01h (cel.field0_0x0)"
"CEL_P2096","00124acc","?? 01h (cel.field0_0x0)"
"CEL_P2138","00124ad8","?? 01h (cel.field0_0x0)"
"CEL_P2127","00124ae4","?? 01h (cel.field0_0x0)"
"CEL_P2128","00124af0","?? 01h (cel.field0_0x0)"
"CEL_P2122","00124afc","?? 01h (cel.field0_0x0)"
"CEL_P2123","00124b08","?? 01h (cel.field0_0x0)"
"CEL_P2135","00124b14","?? 01h (cel.field0_0x0)"
"CEL_P2097","00124b20","?? 01h (cel.field0_0x0)"
"CEL_P0390","00124b2c","?? 01h (cel.field0_0x0)"
"CEL_P0365","00124b38","?? 01h (cel.field0_0x0)"
"CEL_P0345","00124b44","?? 01h (cel.field0_0x0)"
"CEL_P0340","00124b50","?? 01h (cel.field0_0x0)"
"CEL_P0605","00124b5c","?? 01h (cel.field0_0x0)"
"CEL_P0197","00124b68","?? 01h (cel.field0_0x0)"
"CEL_P0700","00124b74","?? 01h (cel.field0_0x0)"
"CEL_P0196","00124b80","?? 01h (cel.field0_0x0)"
"CEL_P0198","00124b8c","?? 01h (cel.field0_0x0)"
"CEL_P1532","00124b98","?? 00h (cel.field0_0x0)"
"CEL_P1531","00124ba4","?? 00h (cel.field0_0x0)"
"CEL_P1530","00124bb0","?? 00h (cel.field0_0x0)"
"CEL_P0517","00124bbc","?? 00h (cel.field0_0x0)"
"CEL_P0516","00124bc8","?? 00h (cel.field0_0x0)"
"CEL_P119F","00124bd4","?? 01h (cel.field0_0x0)"
"CEL_P0140","00124be0","?? 00h (cel.field0_0x0)"
"CEL_P0018","00124bec","?? 01h (cel.field0_0x0)"
"CEL_P0016","00124bf8","?? 01h (cel.field0_0x0)"
"CEL_P0024","00124c04","?? 01h (cel.field0_0x0)"
"CEL_P0014","00124c10","?? 01h (cel.field0_0x0)"
"CEL_P050E","00124c1c","?? 01h (cel.field0_0x0)"
"CEL_P0019","00124c28","?? 01h (cel.field0_0x0)"
"CEL_P0017","00124c34","?? 01h (cel.field0_0x0)"
"CEL_P0201","00124c40","?? 01h (cel.field0_0x0)"
"CEL_P0204","00124c4c","?? 01h (cel.field0_0x0)"
"CEL_P0203","00124c58","?? 01h (cel.field0_0x0)"
"CEL_P0202","00124c64","?? 01h (cel.field0_0x0)"
"CEL_P9572","00124c70","?? 01h (cel.field0_0x0)"
"CEL_P9571","00124c7c","?? 01h (cel.field0_0x0)"
"CEL_U0402","00124c88","?? 01h (cel.field0_0x0)"
"CEL_U0101","00124c94","?? 01h (cel.field0_0x0)"
"CEL_U0416","00124ca0","?? 01h (cel.field0_0x0)"
"CEL_U0122","00124cac","?? 01h (cel.field0_0x0)"
"CEL_U0073","00124cb8","?? 01h (cel.field0_0x0)"
"CEL_P050B","00124cc4","?? 01h (cel.field0_0x0)"
"CEL_P050A","00124cd0","?? 01h (cel.field0_0x0)"
"CEL_P2610","00124cdc","?? 01h (cel.field0_0x0)"
"CEL_P2420","00124ce8","?? 01h (cel.field0_0x0)"
"CEL_P2419","00124cf4","?? 01h (cel.field0_0x0)"
"CEL_P2401","00124d00","?? 01h (cel.field0_0x0)"
"CEL_P0453","00124d0c","?? 01h (cel.field0_0x0)"
"CEL_P0452","00124d18","?? 01h (cel.field0_0x0)"
"CEL_P015B","00124d24","?? 01h (cel.field0_0x0)"
"CEL_P015A","00124d30","?? 01h (cel.field0_0x0)"
"CEL_P014D","00124d3c","?? 01h (cel.field0_0x0)"
"CEL_P014C","00124d48","?? 01h (cel.field0_0x0)"
"CEL_P1451","00124d54","?? 01h (cel.field0_0x0)"
"CEL_P1449","00124d60","?? 01h (cel.field0_0x0)"
"CEL_P0455","00124d6c","?? 01h (cel.field0_0x0)"
"CEL_P0451","00124d78","?? 01h (cel.field0_0x0)"
"CEL_P0441","00124d84","?? 01h (cel.field0_0x0)"
"CEL_P219A","00124d90","?? 01h (cel.field0_0x0)"
"CEL_P2404","00124d9c","?? 01h (cel.field0_0x0)"
"CEL_P2402","00124da8","?? 01h (cel.field0_0x0)"
"CEL_P013F","00124db4","?? 01h (cel.field0_0x0)"
"CEL_P013E","00124dc0","?? 01h (cel.field0_0x0)"
"CEL_P013B","00124dcc","?? 01h (cel.field0_0x0)"
"CEL_P013A","00124dd8","?? 01h (cel.field0_0x0)"
"CEL_U0423","00124de4","?? 01h (cel.field0_0x0)"
"CEL_U0155","00124df0","?? 01h (cel.field0_0x0)"
"CEL_P0354","00124dfc","?? 01h (cel.field0_0x0)"
"CEL_P0353","00124e08","?? 01h (cel.field0_0x0)"
"CEL_P0352","00124e14","?? 01h (cel.field0_0x0)"
"CEL_P0351","00124e20","?? 01h (cel.field0_0x0)"
"CEL_P000A","00124e2c","?? 01h (cel.field0_0x0)"
"CEL_P000B","00124e38","?? 01h (cel.field0_0x0)"
"CEL_P000C","00124e44","?? 01h (cel.field0_0x0)"
"CEL_P000D","00124e50","?? 01h (cel.field0_0x0)"
"CEL_P0512","00124e5c","?? 01h (cel.field0_0x0)"
"CEL_P0616","00124e68","?? 01h (cel.field0_0x0)"
"CEL_P0617","00124e74","?? 01h (cel.field0_0x0)"
"CEL_P2195","00124e80","?? 01h (cel.field0_0x0)"
"CEL_P2196","00124e8c","?? 01h (cel.field0_0x0)"
"CEL_P0560","00124e98","?? 01h (cel.field0_0x0)"
"CEL_P0116","00124ea4","?? 01h (cel.field0_0x0)"
"CEL_P081A","00124eb0","?? 01h (cel.field0_0x0)"
"CEL_P062F","00124ebc","?? 01h (cel.field0_0x0)"
"CEL_P060B","00124ec8","?? 01h (cel.field0_0x0)"
"CEL_P060A","00124ed4","?? 01h (cel.field0_0x0)"
"CEL_P9578","00124ee0","?? 01h (cel.field0_0x0)"
"CEL_P0606","00124eec","?? 01h (cel.field0_0x0)"
"CEL_P2119","00124ef8","?? 01h (cel.field0_0x0)"
"CEL_P0391","00124f04","?? 01h (cel.field0_0x0)"
"CEL_P0366","00124f10","?? 01h (cel.field0_0x0)"
"CEL_P0346","00124f1c","?? 01h (cel.field0_0x0)"
"CEL_P0341","00124f28","?? 01h (cel.field0_0x0)"
"CEL_P0087","00124f34","?? 01h (cel.field0_0x0)"
"CEL_P0088","00124f40","?? 01h (cel.field0_0x0)"
"CEL_P062D","00124f4c","?? 01h (cel.field0_0x0)"
"CEL_P1261","00124f58","?? 01h (cel.field0_0x0)"
"CEL_P1262","00124f64","?? 01h (cel.field0_0x0)"
"CEL_P1263","00124f70","?? 01h (cel.field0_0x0)"
"CEL_P1264","00124f7c","?? 01h (cel.field0_0x0)"
"CEL_P0192","00124f88","?? 01h (cel.field0_0x0)"
"CEL_P0193","00124f94","?? 01h (cel.field0_0x0)"
"CEL_P1235","00124fa0","?? 01h (cel.field0_0x0)"
"CEL_P117B","00124fac","?? 01h (cel.field0_0x0)"
"CEL_P1170","00124fb8","?? 01h (cel.field0_0x0)"
"CEL_P1603","00124fc4","?? 01h (cel.field0_0x0)"
"CEL_P1604","00124fd0","?? 01h (cel.field0_0x0)"
"CEL_P1109","00124fdc","?? 01h (cel.field0_0x0)"
"CEL_P0010","00124fe8","?? 01h (cel.field0_0x0)"
"CEL_P0020","00124ff4","?? 01h (cel.field0_0x0)"
"CEL_P0013","00125000","?? 01h (cel.field0_0x0)"
"CEL_P0023","0012500c","?? 01h (cel.field0_0x0)"
"CEL_P0191","00125018","?? 01h (cel.field0_0x0)"
"Radiator_Fan_Modes_A","00125278","fanmodes "
"Radiator_Fan_Modes_B","00125288","fanmodes "
"Radiator_Fan_Modes_Veh_Speed","00125298","float[6] "
"Manifold_Pressure_Sensor_CEL_Delays","001252f3","undefined1 08h"
"MAF_Voltage_Max","00125396","dw 61905"
"MAF_Voltage_Min","00125398","dw 1665"
"Manifold_Pressure_Sensor_Scaling_A","001253c4","float 250.0"
"Knock_Sensor_Calibration_xaxis","00126620","float[87] "
"Knock_Sensor_Calibration_yaxis","0012677c","ushort[87] "
"Maybe_Intake_Temp_Sensor_Scaling_yaxis","0012690c","float[30] "
"Intake_Temp_Sensor_Scaling_yaxis","0012690c","float[30] "
"Maybe_Intake_Temp_Sensor_Scaling_sizey_30","00126984","float[30] "
"Intake_Temp_Sensor_Scaling_sizey_30","00126984","float[30] "
"Maybe_Maf_yaxis","00126dc4","ddw[54] "
"MAF_Sensor_Scaling_yaxis","00126dc4","ddw[54] "
"Maybe_Maf_data","00126e9c","ddw[54] "
"Front_Oxygen_Sensor_Scaling_A_xaxis","00126f74","float[14] "
"Front_Oxygen_Sensor_Scaling_A_data","00126fac","float[14] "
"Front_Oxygen_Sensor_Scaling_B_xaxis","00126fe4","float[14] "
"Front_Oxygen_Sensor_Scaling_B_data","0012701c","float[14] "
"ECUID","00129080","db[8] "
"Intake_Duty_Unknown_15","001293b8","float 60.0"
"AVCS_Advance_Speed_Min","0012949c","float 300.0"
"AVCS_Base_Normal_Safe_Hysteresis","001294b8","float 0.4"
"AVCS_Advance_Max","001294e8","float 24.0"
"Intake_Duty_Unknown_12","001294ec","float 41.101963"
"Intake_Duty_Unknown_9","001294f0","float 41.101963"
"Intake_Duty_Unknown_8","0012957c","float 29.035"
"Intake_Duty_Unknown_11","00129580","float 29.400036"
"Intake_Duty_Unknown_10","00129584","float 29.400036"
"Intake_Duty_Unknown_14","00129588","float 29.400036"
"Intake_Duty_Unknown_13","0012958c","float 29.400036"
"AVCS_Advance_Min","001295a0","float -27.0"
"Idle_Throttle_Target_For_Airflow_xaxis","0013c668","float[34] "
"Idle_Throttle_Target_For_Airflow_yaxis","0013c6f0","float[34] "
"EEP_80100000","80100000","db ??"
"EEP_80100002","80100002","db ??"
"EEP_80100404","80100404","?? ??"
"EEP_80101fe0","80101fe0","?? ??"
"EEP_80101fe8","80101fe8","?? ??"
"EEP_80101fec","80101fec","?? ??"
"EEP_80101ff8","80101ff8","undefined4 ??"
"EEP_80101ffc","80101ffc","undefined4 ??"
"EEP_80102000","80102000","?? ??"
"EEP_80103ff8","80103ff8","undefined4 ??"
"EEP_80104000","80104000","undefined4 ??"
"EEP_80105fe8","80105fe8","?? ??"
"EEP_80105ff0","80105ff0","undefined4 ??"
"EEP_80105ff4","80105ff4","undefined4 ??"
"EEP_80105ff8","80105ff8","undefined4 ??"
"EEP_80105ffc","80105ffc","undefined4 ??"
"EEP_80107ff0","80107ff0","undefined4 ??"
"CEL_P2119_DAT_fff804c4","fff804c4","undefined1 ??"
"CEL_P2101_DAT_FFF80508","fff80508","undefined1 ??"
"ENGINE_cel_kindA","fff810c4","bool ??"
"ENGINE_cel_kindB","fff810c6","bool ??"
"ENGINE_cel_kindC","fff810c8","bool ??"
"ENGINE_cel_kindD","fff810ca","bool ??"
"CEL_P2119_fff810cc","fff810cc","undefined1 ??"
"CEL_DAT_fff811b2","fff811b2","undefined1 ??"
"ENGINE_ltft_array_A","fff81468","uint_float[10] ??"
"LTFT_FLOAT_ARRAY_ARRAY_fff814c0","fff814c0","float ?? (uint_float.val)"
"ENGINE_iam","fff815cc","float[2] ??"
"ENGINE_knock_array_A","fff815e0","float[70] ??"
"ENGINE_knock_array_B","fff816f8","short[35] ??"
"P1109_result_SHORT_fff81a70","fff81a70","db[2] ??"
"P1109_SHORT_FFF81A72","fff81a72","db[2] ??"
"ENGINE_ambpress_raw","fff81a89","undefined1 ??"
"ENGINE_cel_data","fff83710","dw[256] ??"
"ENGINE_maf_root_maybe","fff842a0","undefined2 ??"
"ENGINE_maf_v_maybe","fff842ac","ushort ??"
"EEP_DAT_fff84678","fff84678","undefined1 ??"
"ENGINE_CEL_fff84f0c","fff84f0c","undefined1 ??"
"ENGINE_map","fff87de0","undefined4 ??"
"ENGINE_iat","fff87de4","float ??"
"ENGINE_ect","fff87de8","float ??"
"ENGINE_battvolt","fff87dec","float ??"
"ENGINE_maf_raw","fff87df0","float ??"
"ENGINE_oil_temp","fff87df4","float ??"
"P0071_P0111_P0116_P0196_DAT_fff87eb9","fff87eb9","undefined1 ??"
"CEL_P2119_fff883f9","fff883f9","undefined1 ??"
"CAN_temp_0x140","fff88990","db[8] ??"
"CLUSTER_fuel_mpg_89b0","fff889b0","??[8] ??"
"CLUSTER_fuel_mpg_89b1","fff889b1","?? ?? (undefined[8][1])"
"CLUSTER_rpm","fff889c8","?? ??"
"CLUSTER_fuel_mpg_fff889ca","fff889ca","?? ??"
"CLUSTER_ect","fff889d6","?? ??"
"CLUSTER_map","fff889d7","?? ??"
"CLUSTER_oil_temp","fff889d8","?? ??"
"CLUSTER_map_9dfc","fff889dd","?? ??"
"CAN_bits_0x140","fff889e0","?? ??"
"ENGINE_fuel_mpg","fff88a1c","?? ??"
"ENGINE_fuel_mpg_raw","fff88a20","?? ??"
"ENGINE_gear_load_rpm_calc","fff88a90","undefined4 ??"
"CAN_oil_temp","fff88aa8","float ??"
"CAN_ect","fff88aac","float ??"
"ENGINE_gear_shift_indicator","fff88ad7","bool ??"
"ENGINE_limited2","fff88ad8","bool ??"
"ENGINE_U0155_fff88afc","fff88afc","bool ??"
"ENGINE_torque_A_for_CAN","fff88b08","undefined4 ??"
"ENGINE_torque_B_for_CAN","fff88b0c","undefined4 ??"
"ENGINE_gear_speed_calc","fff88b14","undefined4 ??"
"ENGINE_gear_rpm_calc","fff88b18","undefined4 ??"
"AmbientTemp_if_U0071_FLOAT_fff88bb0","fff88bb0","float ??"
"CAN_0x3D1_AmbientTemp_FLOAT_fff88bb4","fff88bb4","float ??"
"ENGINE_U0155_fff88bc4","fff88bc4","bool ??"
"CAN_0x3D1_fff88bd4","fff88bd4","db ??"
"gear_Determ_8bf7","fff88bf7","undefined1 ??"
"ENGINE_U0155_fff88c74","fff88c74","?? ??"
"ENGINE_U0155_fff88c76","fff88c76","bool ??"
"ENGINE_battvolt_charged","fff88c85","undefined1 ??"
"ENGINE_gearC","fff88d02","db ??"
"ENGINE_speed_interim_8de8","fff88de8","float ??"
"CLUSTER_speed","fff88e08","undefined2 ??"
"ENGINE_speed_interim_lsb","fff88e1f","?? ??"
"ENGINE_speed_interim_msb","fff88e20","?? ??"
"ENGINE_speed_interim_8e4c","fff88e4c","float ??"
"gear_Determ_FFF88E68","fff88e68","bool ??"
"gear_Determ_8e78","fff88e78","?? ??"
"gear_Determ_8e7a","fff88e7a","bool ??"
"gear_Determ_8e7b","fff88e7b","bool ??"
"gear_Determ_CEL_8e7c","fff88e7c","bool ??"
"gear_Determ_CEL_8e7d","fff88e7d","bool ??"
"gear_Determ_CEL_8e7e","fff88e7e","bool ??"
"gear_Determ_8e7f","fff88e7f","undefined1 ??"
"gear_Determ_8e82","fff88e82","undefined1 ??"
"gear_Determ_8e83","fff88e83","undefined1 ??"
"gear_Determ_8e84","fff88e84","undefined1 ??"
"gear_Determ_8e85","fff88e85","bool ??"
"gear_Determ_8e86","fff88e86","undefined1 ??"
"gear_Determ_8e87","fff88e87","bool ??"
"gear_Determ_8e88","fff88e88","undefined1 ??"
"gear_Determ_8e8b","fff88e8b","undefined1 ??"
"gear_Determ_8e8c","fff88e8c","bool ??"
"gear_Determ_8e8d","fff88e8d","bool ??"
"gear_Determ_8e8f","fff88e8f","undefined1 ??"
"gear_Determ_8e90","fff88e90","undefined1 ??"
"gear_Determ_8e91","fff88e91","undefined1 ??"
"gear_Determ_8e92","fff88e92","undefined1 ??"
"gear_Determ_8e93","fff88e93","db ??"
"gear_Determ_8e94","fff88e94","undefined1 ??"
"gear_Determ_8e98","fff88e98","ushort ??"
"gear_Determ_8e9a","fff88e9a","undefined2 ??"
"gear_Determ_8e9c","fff88e9c","undefined2 ??"
"gear_Determ_8e9e","fff88e9e","undefined2 ??"
"gear_Determ_8ea0","fff88ea0","ushort ??"
"gear_Determ_8ea2","fff88ea2","undefined2 ??"
"gear_Determ_8ea4","fff88ea4","undefined2 ??"
"gear_Determ_8ea6","fff88ea6","undefined2 ??"
"gear_Determ_8ea8","fff88ea8","undefined2 ??"
"gear_Determ_8eaa","fff88eaa","undefined2 ??"
"gear_Determ_8eac","fff88eac","undefined2 ??"
"gear_Determ_8eae","fff88eae","undefined1 ??"
"gear_Determ_8eaf","fff88eaf","undefined1 ??"
"gear_Determ_8eb0","fff88eb0","undefined1 ??"
"gear_Determ_8eb1","fff88eb1","undefined1 ??"
"gear_Determ_CEL_8eb2","fff88eb2","bool ??"
"gear_Determ_CEL_8eb3","fff88eb3","bool ??"
"gear_Determ_CEL_8eb4","fff88eb4","bool ??"
"gear_Determ_CEL_8eb5","fff88eb5","undefined1 ??"
"gear_Determ_8eb6","fff88eb6","undefined1 ??"
"gear_Determ_8eb8","fff88eb8","float ??"
"gear_Determ_8ebc","fff88ebc","undefined4 ??"
"gear_Determ_8ed8","fff88ed8","undefined4 ??"
"gear_Determ_8edc","fff88edc","undefined4 ??"
"gear_Determ_8ee0","fff88ee0","undefined4 ??"
"gear_Determ_fff88ee4","fff88ee4","float ??"
"gear_Determ_8ee8","fff88ee8","float ??"
"gear_Determ_8eec","fff88eec","float ??"
"gear_Determ_8ef0","fff88ef0","float ??"
"gear_Determ_8ef4","fff88ef4","undefined4 ??"
"gear_Determ_8ef8","fff88ef8","undefined4 ??"
"gear_Determ_8efc","fff88efc","undefined4 ??"
"gear_Determ_8f08","fff88f08","undefined4 ??"
"gear_Determ_8f0c","fff88f0c","undefined4 ??"
"gear_Determ_8f28","fff88f28","undefined4 ??"
"gear_Determ_8f2c","fff88f2c","float ??"
"gear_Determ_8f30","fff88f30","float ??"
"gear_Determ_8f34","fff88f34","undefined4 ??"
"gear_Determ_8f3c","fff88f3c","undefined4 ??"
"gear_Determ_ARRAY_fff88f44","fff88f44","undefined4 ??"
"gear_Determ_8f4c","fff88f4c","undefined4 ??"
"gear_Determ_8f54","fff88f54","undefined4 ??"
"gear_Determ_8f58","fff88f58","undefined4 ??"
"gear_Determ_8f5c","fff88f5c","float ??"
"gear_Determ_8f60","fff88f60","undefined4 ??"
"gear_Determ_8f64","fff88f64","undefined4 ??"
"gear_Determ_8f68","fff88f68","undefined4 ??"
"gear_Determ_8f70","fff88f70","undefined4 ??"
"gear_Determ_8f74","fff88f74","undefined4 ??"
"gear_Determ_8f78","fff88f78","float ??"
"gear_Determ_8f84","fff88f84","undefined4 ??"
"gear_Determ_8f8c_1","fff88f8c","float ??"
"gear_Determ_8f90","fff88f90","float ??"
"gear_Determ_8f94_2","fff88f94","float ??"
"gear_Determ_8f98_3","fff88f98","float ??"
"gear_Determ_8f9c","fff88f9c","undefined4 ??"
"gear_Determ_8fa0","fff88fa0","float ??"
"gear_Determ_8fa4","fff88fa4","float ??"
"gear_Determ_3_8fa8","fff88fa8","float ??"
"gear_Determ_4_8fac","fff88fac","float ??"
"gear_Determ_5_8fb0","fff88fb0","float ??"
"gear_Determ_8fb4","fff88fb4","undefined4 ??"
"gear_Determ_1_8fb8","fff88fb8","float ??"
"gear_Determ_8fbc","fff88fbc","float ??"
"gear_Determ_8fc0","fff88fc0","float ??"
"gear_Determ_8fc4","fff88fc4","undefined4 ??"
"gear_Determ_8fc8","fff88fc8","undefined4 ??"
"gear_Determ_8fd0","fff88fd0","undefined4 ??"
"gear_Determ_6_8fd4","fff88fd4","float ??"
"gear_Determ_2_8fd8","fff88fd8","float ??"
"gear_Determ_8fe8","fff88fe8","undefined2 ??"
"gear_Determ_8fea","fff88fea","undefined2 ??"
"gear_Determ_8ff2","fff88ff2","undefined1 ??"
"gear_Determ_8ff3","fff88ff3","undefined1 ??"
"gear_Determ_88ff4","fff88ff4","bool ??"
"gear_Determ_8ff5","fff88ff5","undefined1 ??"
"gear_Determ_9024","fff89024","undefined4 ??"
"gear_Determ_CEL_9038","fff89038","bool ??"
"gear_Determ_904d","fff8904d","undefined1 ??"
"gear_Determ_CEL_9054","fff89054","undefined1 ??"
"gear_Determ_905c","fff8905c","undefined4 ??"
"gear_Determ_9060","fff89060","undefined4 ??"
"gear_Determ_9064","fff89064","float ??"
"gear_Determ_906c","fff8906c","undefined4 ??"
"gear_Determ_9074","fff89074","undefined2 ??"
"gear_Determ_9076","fff89076","undefined2 ??"
"table_gear_Determ_4b152_1","fff89078","undefined4 ??"
"table_gear_Determ_4b152_2","fff8907c","undefined4 ??"
"table_gear_Determ_4b152_3","fff89080","undefined4 ??"
"table_gear_Determ_4b152_4","fff89084","undefined4 ??"
"gear_Determ_9094","fff89094","undefined2 ??"
"gear_Determ_9096","fff89096","undefined2 ??"
"gear_Determ_9098","fff89098","undefined1 ??"
"gear_Determ_9099","fff89099","undefined1 ??"
"gear_Determ_909a","fff8909a","undefined1 ??"
"gear_Determ_909b","fff8909b","undefined1 ??"
"gear_Determ_909d","fff8909d","undefined1 ??"
"gear_Determ_909e","fff8909e","undefined1 ??"
"gear_Determ_909f","fff8909f","undefined1 ??"
"gear_Determ_90a0","fff890a0","undefined1 ??"
"gear_Determ_90a1","fff890a1","undefined1 ??"
"gear_Determ_90a3","fff890a3","undefined1 ??"
"gear_Determ_90ac","fff890ac","undefined4 ??"
"gear_Determ_90b0","fff890b0","undefined4 ??"
"gear_Determ_90b4","fff890b4","undefined4 ??"
"gear_Determ_90b8","fff890b8","undefined4 ??"
"gear_Determ_90bc","fff890bc","undefined4 ??"
"gear_Determ_PTR_fff890c0_1","fff890c0","2dtable * NaP"
"gear_Determ_PTR_fff890c8_2","fff890c8","2dtable * NaP"
"gear_Determ_90d0","fff890d0","undefined4 ??"
"gear_Determ_90d4","fff890d4","undefined4 ??"
"gear_Determ_90d8","fff890d8","undefined4 ??"
"ENGINE_map_9134","fff89134","undefined4 ??"
"ENGINE_throttle","fff891f0","undefined4 ??"
"ENGINE_tipin","fff891f8","float ??"
"ENGINE_ect_array","fff89264","float[4] ??"
"Knock_IAT_fff89278","fff89278","float ??"
"ENGINE_maf","fff892f0","float ??"
"ENGINE_ect_fff892f8","fff892f8","float ??"
"ENGINE_load","fff89324","float ??"
"ENGINE_accel","fff89408","undefined4 ??"
"ENGINE_afr","fff89508","float ??"
"ENGINE_fuelpress","fff89540","float ??"
"ENGINE_defogger","fff89577","bool ??"
"ENGINE_defogger_0x2c","fff89582","db ??"
"P0071_P0111_P0116_P0196_DAT_fff895a2","fff895a2","undefined1 ??"
"ENGINE_speed","fff895a8","float ??"
"ENGINE_speed_interim_95ac","fff895ac","float ??"
"ENGINE_rpm","fff895d0","float ??"
"BOOL_gear_Determ_978c","fff8978c","bool ??"
"BOOL_gear_Determ_978d","fff8978d","bool ??"
"BOOL_gear_Determ_978e","fff8978e","bool ??"
"BOOL_gear_Determ_978f","fff8978f","bool ??"
"BOOL_gear_Determ_9790","fff89790","bool ??"
"P0071_P0111_P0116_P0196_DAT_fff897b4","fff897b4","undefined2 ??"
"P0071_P0111_P0116_P0196_WORD_fff897b8","fff897b8","dw ??"
"gear_Determ_fff897d8","fff897d8","float ??"
"ENGINE_gearD","fff897dc","db ??"
"ENGINE_gearA","fff897dd","db ??"
"ENGINE_gearB","fff897de","undefined1 ??"
"gear_Determ_A_fff897e8","fff897e8","float ??"
"gear_Determ_B_fff897ec","fff897ec","float ??"
"gear_Determ_C_fff897f0","fff897f0","float ??"
"gear_Determ_D_fff897f4","fff897f4","float ??"
"gear_Determ_E_fff897f8","fff897f8","float ??"
"AmbientTemp_FLOAT_fff8980c","fff8980c","float ??"
"ENGINE_map_9dfc","fff89dfc","float ??"
"gear_Determ_9e1c","fff89e1c","undefined1 ??"
"gear_Determ_9e1e","fff89e1e","undefined2 ??"
"gear_Determ_9e28","fff89e28","bool ??"
"FUN_570b8_step_towards_rpm","fff89e68","undefined1 ??"
"FUN_570b8_step_towards_accel","fff89e77","undefined1 ??"
"FUN_570b8_gear_determ_8e86","fff89e86","undefined1 ??"
"FUN_570b8_step_towards_throttle","fff89e95","undefined1 ??"
"FUN_570b8_step_towards_speed","fff89ea4","undefined1 ??"
"ENGINE_fuel_mpg_fff89f36","fff89f36","bool ??"
"ENGINE_limited1","fff89f40","bool ??"
"CEL_P2101_DAT_fff89fe1","fff89fe1","undefined1 ??"
"ENGINE_dipi_fff8a390","fff8a390","undefined4 ??"
"ENGINE_dipi_ratio_result","fff8a394","float ??"
"ENGINE_dipi_ratio_fff8a398","fff8a398","float ??"
"ENGINE_dipi_total_injection_ratio_port_result","fff8a39c","float ??"
"ENGINE_ect_unknown_result","fff8a3a2","bool ??"
"ENGINE_dipi_maxed","fff8a3a3","bool ??"
"ENGINE_dipi_ratio_above","fff8a3a4","bool ??"
"ENGINE_dipi_ratio_below","fff8a3a5","bool ??"
"ENGINE_dipi_ect_cold","fff8a3a6","bool ??"
"ENGINE_dipi_ect_warmed_up","fff8a3a7","bool ??"
"ENGINE_dipi_ect_hot","fff8a3a8","bool ??"
"ENGINE_dipi_afr_above","fff8a3aa","bool ??"
"ENGINE_dipi_speed_above","fff8a3ab","undefined1 ??"
"ENGINE_dipi_fff8a3ec","fff8a3ec","undefined4 ??"
"ENGINE_dipi_ect_ratio","fff8a518","float ??"
"ENGINE_dipi_ect_ratio_b","fff8a51c","float ??"
"ENGINE_dipi_ect_ratio_a","fff8a520","float ??"
"ENGINE_far_raw","fff8a720","?? ??"
"ENGINE_stft_raw","fff8a884","float ??"
"BOOL_stft_a888","fff8a888","bool ??"
"ENGINE_dipi_ratio_ect_fueling","fff8a9bc","float ??"
"ENGINE_ltft_raw","fff8aa24","float ??"
"ENGINE_ltft_aa28","fff8aa28","float ??"
"ENGINE_ltft_raw_aa2c","fff8aa2c","float ??"
"ENGINE_ltft_raw_aa30","fff8aa30","float ??"
"ENGINE_ltft_raw_aa34","fff8aa34","float ??"
"AF_learn_aa4c","fff8aa4c","sdb ??"
"ENGINE_dipi_ratio_fff8aa74","fff8aa74","undefined4 ??"
"ENGINE_ltft_raw_aac8","fff8aac8","float ??"
"ENGINE_ltft_raw_aacc","fff8aacc","float ??"
"LTFT_maf_INDEX_fff8aadc","fff8aadc","db ??"
"LTFT_maf_INDEX_aae0","fff8aae0","db ??"
"LTFT_FLOAT_fff8ab20","fff8ab20","float ??"
"LTFT_FLOAT_fff8ab24","fff8ab24","float ??"
"ENGINE_ect_unknown","fff8ab5c","float ??"
"ENGINE_af_corr_3","fff8abc0","undefined4 ??"
"ENGINE_fueling_additive","fff8ac5c","float ??"
"ENGINE_af_learn_3","fff8ac5c","float ??"
"ENGINE_ipw_A","fff8ae3c","float ??"
"ENGINE_ipw_B","fff8ae40","float ??"
"ENGINE_ipw_C","fff8ae44","float ??"
"ENGINE_ipw_D","fff8ae48","float ??"
"ENGINE_ipw_E","fff8ae4c","float ??"
"ENGINE_ipw_F","fff8ae50","float ??"
"ENGINE_ipw_G","fff8ae54","float ??"
"ENGINE_ipw_H","fff8ae58","float ??"
"ENGINE_Low_Pulse_Width_Fuel_Injector_Comp","fff8ae78","float ??"
"ENGINE_tip_in_enrich","fff8aef8","float ??"
"ENGINE_tip_in_enrich_ect","fff8aefc","float ??"
"ENGINE_tip_in_fff8af14","fff8af14","db ??"
"ENGINE_limitedMP","fff8aff8","bool ??"
"ENGINE_limitedA","fff8aff9","bool ??"
"ENGINE_limitedB","fff8affa","bool ??"
"ENGINE_limitedSpeed","fff8affb","bool ??"
"ENGINE_tottiming","fff8b120","undefined4 ??"
"ENGINE_basetiming","fff8b1ac","float ??"
"Timing_FLOAT_fff8b1b4","fff8b1b4","float[4] ??"
"CALC_timing_comp_per_cyl","fff8b1c4","float[4] ??"
"Timing_FLOAT_fff8b1d4","fff8b1d4","float ??"
"Timing_FLOAT_fff8b1d8","fff8b1d8","float ??"
"Timing_FLOAT_fff8b1dc","fff8b1dc","float ??"
"Timing_FLOAT_fff8b1e0","fff8b1e0","float ??"
"ENGINE_rpm_ish","fff8b1e4","float ??"
"ENGINE_Base_Timing_ratio","fff8b1f8","float ??"
"Timing_SBYTE_fff8b21f","fff8b21f","bool ??"
"Timing_SBYTE_fff8b220","fff8b220","sdb ??"
"ENGINE_timing_compensation_iat_adjusted","fff8b228","float ??"
"ENGINE_timing_compensation_iat_activation","fff8b22c","undefined4 ??"
"RESULT_timing_comp_per_cyl","fff8b3dc","float[4] ??"
"RESULT_timing_comp_per_cyl_D_fff8b3e8","fff8b3e8","float ?? (float[4][3])"
"ENGINE_kca","fff8b3ec","undefined4 ??"
"ENGINE_fbkc","fff8b3f0","float ??"
"ENGINE_fueling_maybe","fff8b400","undefined4 ??"
"ENGINE_knock_fff8b410","fff8b410","float ??"
"ENGINE_kca_max","fff8b458","float ??"
"ENGINE_kca_max_iam","fff8b460","undefined4 ??"
"ENGINE_Knock_Threshold_Result_fff8b470","fff8b470","undefined4 ??"
"ENGINE_knock_threshold_lookup","fff8b480","float ??"
"ENGINE_flkc","fff8b48c","undefined4 ??"
"ENGINE_knock_fff8b490","fff8b490","float ??"
"ENGINE_knock_fff8b494","fff8b494","undefined2 ??"
"ENGINE_knock_threshold_index","fff8b498","db ??"
"ENGINE_knock_fff8b49c","fff8b49c","db ??"
"ENGINE_knock_fff8b49d","fff8b49d","db ??"
"ENGINE_knock_fff8b4a1","fff8b4a1","undefined1 ??"
"ENGINE_flkc_offset","fff8b4aa","undefined1 ??"
"ENGINE_Knock_Correction_fff8b4ad","fff8b4ad","undefined1 ??"
"ENGINE_Knock_Correction_fff8b4ae","fff8b4ae","undefined1 ??"
"ENGINE_Knock_Correction_fff8b4af","fff8b4af","undefined1 ??"
"ENGINE_Knock_Correction_fff8b4b0","fff8b4b0","undefined1 ??"
"ENGINE_knock_fff8b4b4","fff8b4b4","float ??"
"ENGINE_Desired_Overrun_Mass_Airflow","fff8ba54","float ??"
"ENGINE_idle_jkl_result_fff8bad0","fff8bad0","float ??"
"ENGINE_U0155_fff8c278","fff8c278","undefined1 ??"
"ENGINE_Fan_M0_Max-","fff8c3a4","float ??"
"ENGINE_Fan_M1_Min","fff8c3a8","float ??"
"ENGINE_Fan_M0_Max+","fff8c3ac","float ??"
"ENGINE_Fan_M1_Max_M2_Min","fff8c3b0","float ??"
"ENGINE_Fan_Veh_Speed","fff8c3c5","undefined1 ??"
"gear_Determ_c3e6","fff8c3e6","db ??"
"P1109_MAF_IAT_calc_FLOAT_fff8c4cc","fff8c4cc","float ??"
"P1109_result_USHORT_fff8c4d0","fff8c4d0","ushort ??"
"P1109_result_USHORT_fff8c4d2","fff8c4d2","ushort ??"
"P1109_result_BOOL_fff8c4d4","fff8c4d4","bool ??"
"P1109_result_BOOL_fff8c4d5","fff8c4d5","bool ??"
"P1109_result_USHORT_fff8c4d6","fff8c4d6","ushort ??"
"P1109_BOOL_fff8c4d8","fff8c4d8","bool ??"
"ENGINE_avcs_in_r","fff8c5e0","undefined4 ??"
"ENGINE_avcs_in_l","fff8c5e4","undefined4 ??"
"ENGINE_avcs_ex_r","fff8c628","undefined4 ??"
"ENGINE_avcs_ex_l","fff8c62c","undefined4 ??"
"ENGINE_avcs_advance","fff8c670","float ??"
"ENGINE_avcs_advance_c674","fff8c674","float ??"
"ENGINE_avcs_advance_fff8c678","fff8c678","float ??"
"ENGINE_avcs_advance_fff8c684","fff8c684","float ??"
"ENGINE_avcs_advance_fff8c688","fff8c688","float ??"
"ENGINE_avcs_advance_fff8c694","fff8c694","float ??"
"ENGINE_avcs_advance_fff8c698","fff8c698","float ??"
"ENGINE_avcs_advance_fff8c69c","fff8c69c","float ??"
"ENGINE_avcs_advance_fff8c6a0","fff8c6a0","float ??"
"ENGINE_avcs_advance_fff8c6c4","fff8c6c4","float ??"
"ENGINE_avcs_advance_fff8c6c8","fff8c6c8","float ??"
"ENGINE_avcs_advance_fff8c6cc","fff8c6cc","float ??"
"ENGINE_avcs_advance_fff8c6d0","fff8c6d0","float ??"
"ENGINE_avcs_advance_fff8c6d4","fff8c6d4","float ??"
"ENGINE_avcs_advance_fff8c6d8","fff8c6d8","float ??"
"ENGINE_U0155_fff8cbe0","fff8cbe0","bool ??"
"ENGINE_U0155_fff8cbe1","fff8cbe1","undefined1 ??"
"ENGINE_U0x70_fff8cbfa","fff8cbfa","bool ??"
"P0071_P0111_P0116_P0196_DAT_fff8cd0c","fff8cd0c","undefined4 ??"
"AmbientTemp_P0071_FLOAT_fff8cd10","fff8cd10","float ??"
"AmbientTemp_P0071_FLOAT_fff8cd14","fff8cd14","float ??"
"AmbientTemp_P0071_FLOAT_fff8cd18","fff8cd18","float ??"
"AmbientTemp_P0071_FLOAT_fff8cd1c","fff8cd1c","float ??"
"AmbientTemp_FLOAT_fff8cd20","fff8cd20","float ??"
"AmbientTemp_FLOAT_fff8cd24","fff8cd24","float ??"
"AmbientTemp_FLOAT_fff8cd28","fff8cd28","float ??"
"AmbientTemp_FLOAT_fff8cd2c","fff8cd2c","float ??"
"P0071_P0111_P0116_P0196_DAT_fff8cd30","fff8cd30","undefined2 ??"
"P0071_P0111_P0116_P0196_BOOL_fff8cd32","fff8cd32","bool ??"
"P0071_P0111_P0116_P0196_DAT_fff8cd33","fff8cd33","undefined1 ??"
"P0071_P0111_P0116_P0196_DAT_fff8cd34","fff8cd34","undefined1 ??"
"AmbientTemp_DAT_FFF8CD39","fff8cd39","undefined1 ??"
"AmbientTemp_DAT_FFF8CD3A","fff8cd3a","undefined1 ??"
"P0071_P0111_P0116_P0196_DAT_fff8cd3c","fff8cd3c","undefined2 ??"
"P0071_P0111_P0116_P0196_DAT_fff8cd3e","fff8cd3e","undefined2 ??"
"P0071_P0111_P0116_P0196_BOOL_fff8cd40","fff8cd40","bool ??"
"P0071_P0111_P0116_P0196_DAT_fff8cd41","fff8cd41","undefined1 ??"
"CEL_entry_fff8cd60","fff8cd60","undefined2 ??"
"CEL_entry_fff8cd62","fff8cd62","undefined2 ??"
"ENGINE_diagnostics_array","fff8cde0","engine_diagnostics "
"CEL_P2119_DAT_fff8ce51","fff8ce51","undefined1 ??"
"ENGINE_cel","fff8dd54","bool ??"
"CEL_P2119_DAT_fff8dd5f","fff8dd5f","undefined1 ??"
"CEL_DAT_fff8e001","fff8e001","undefined1 ??"
"ENGINE_stft","fff8e6b4","undefined4 ??"
"ENGINE_ltft","fff8e6b8","undefined4 ??"
"ENGINE_ambpress","fff8e6f0","float ??"
"ENGINE_afr_command","fff8e710","float ??"
"ENGINE_ambient_temp_maybe","fff8e720","float ??"
"ENGINE_cl_ol","fff8e758","undefined1 ??"
"ENGINE_fuel_mpg_fff8e760","fff8e760","float ??"
"ENGINE_fuel_mpg_fff8e768","fff8e768","float ??"
"ENGINE_fuel_mpg_fff8e778","fff8e778","float ??"
"ENGINE_fuel_mpg_fff8e780","fff8e780","float ??"
"EEP_DAT_fff8fec0","fff8fec0","undefined1 ??"
"EEP_DAT_fff8fec8","fff8fec8","undefined4 ??"
"EEP_DAT_fff8fecc","fff8fecc","undefined4 ??"
"EEP_DAT_fff8fed4","fff8fed4","undefined4 ??"
"EEP_DAT_fff8fee4","fff8fee4","undefined4 ??"
"EEP_DAT_fff8fee8","fff8fee8","undefined1 ??"
"EEP_DAT_fff8fee9","fff8fee9","undefined1 ??"
"EEP_DAT_fff8fef0","fff8fef0","undefined4 ??"
"EEP_DAT_fff8fef9","fff8fef9","undefined1 ??"
"EEP_DAT_fff8fefa","fff8fefa","undefined1 ??"
"EEP_DAT_fff8fefc","fff8fefc","undefined4 ??"
"EEP_DAT_fff8ff00","fff8ff00","undefined4 ??"
"EEP_DAT_fff8ff44","fff8ff44","?? ??"
"EEP_DAT_fff8ff48","fff8ff48","undefined4 ??"
"EEP_DAT_fff8ff4c","fff8ff4c","ushort ??"
"EEP_USHORT_fff8ff4c","fff8ff4c","ushort ??"
"EEP_DAT_fff8ff4e","fff8ff4e","?? ??"
"EEP_DAT_fff8ff50","fff8ff50","?? ??"
"EEP_SHORT_fff8ff54","fff8ff54","short ??"
"EEP_SHORT_fff8ff56","fff8ff56","short ??"
"EEP_USHORT_fff8ff58","fff8ff58","ushort ??"
"EEP_BOOL_fff8ff5c","fff8ff5c","bool ??"
"EEP_DAT_fff8ff68","fff8ff68","undefined2 ??"
"EEP_DAT_fff8ff72","fff8ff72","?? ??"
"ENGINE_spinlock","fff8ff78","sdb ??"
"REG_FFFC0000","fffc0000","undefined4 ??"
"REG_BAR_0","fffc0400","undefined4 ??"
"REG_BAMR_0","fffc0404","undefined4 ??"
"REG_BAR_1","fffc0410","undefined4 ??"
"REG_BAMR_1","fffc0414","undefined4 ??"
"REG_BAR_2","fffc0420","?? ??"
"REG_BAMR_2","fffc0424","?? ??"
"REG_BAR_3","fffc0430","?? ??"
"REG_BAMR_3","fffc0434","?? ??"
"REG_BBR_0","fffc04a0","undefined4 ??"
"REG_BBR_2","fffc04a4","undefined2 ??"
"REG_BBR_1","fffc04b0","undefined4 ??"
"REG_BBR_3","fffc04b4","undefined2 ??"
"REG_BRCR","fffc04c0","undefined4 ??"
"REG_WTCR","fffe0000","?? ??"
"REG_WTCNT","fffe0002","?? ??"
"REG_WTSR","fffe0004","?? ??"
"REG_WRCR","fffe0006","?? ??"
"REG_STBCR","fffe0400","undefined2 ??"
"REG_ICR0","fffe0800","undefined2 ??"
"REG_ICR1","fffe0802","?? ??"
"REG_IRQRR","fffe0806","?? ??"
"REG_IBCR","fffe080c","?? ??"
"REG_IBNR","fffe080e","undefined2 ??"
"REG_SINTR1","fffe0810","undefined1 ??"
"REG_SINTR2","fffe0811","undefined1 ??"
"REG_SINTR3","fffe0812","undefined1 ??"
"REG_SINTR4","fffe0813","undefined1 ??"
"REG_SINTR5","fffe0814","undefined1 ??"
"REG_SINTR6","fffe0815","undefined1 ??"
"REG_SINTR7","fffe0816","undefined1 ??"
"REG_SINTR8","fffe0817","undefined1 ??"
"REG_IPR01","fffe0818","undefined2 ??"
"REG_IPR02","fffe081a","undefined2 ??"
"REG_SINTR9","fffe0828","undefined1 ??"
"REG_SINTR10","fffe0829","undefined1 ??"
"REG_SINTR11","fffe082a","undefined1 ??"
"REG_SINTR12","fffe082b","undefined1 ??"
"REG_SINTR13","fffe082c","undefined1 ??"
"REG_SINTR14","fffe082d","undefined1 ??"
"REG_SINTR15","fffe082e","undefined1 ??"
"REG_IPR03","fffe0c00","undefined2 ??"
"REG_IPR04","fffe0c02","undefined2 ??"
"REG_IPR05","fffe0c04","undefined2 ??"
"REG_IPR06","fffe0c06","undefined2 ??"
"REG_IPR07","fffe0c08","undefined2 ??"
"REG_IPR08","fffe0c0a","undefined2 ??"
"REG_IPR09","fffe0c0c","undefined2 ??"
"REG_IPR10","fffe0c0e","undefined2 ??"
"REG_IPR11","fffe0c10","undefined2 ??"
"REG_IPR12","fffe0c12","undefined2 ??"
"REG_IPR13","fffe0c14","undefined2 ??"
"REG_IPR14","fffe0c16","undefined2 ??"
"REG_IPR15","fffe0c18","undefined2 ??"
"REG_IPR16","fffe0c1a","undefined2 ??"
"REG_IPR17","fffe0c1c","undefined2 ??"
"REG_IPR18","fffe0c1e","undefined2 ??"
"REG_IPR19","fffe0c20","undefined2 ??"
"REG_IPR20","fffe0c22","undefined2 ??"
"REG_IPR21","fffe0c24","undefined2 ??"
"REG_IPR22","fffe0c26","undefined2 ??"
"REG_IPR23","fffe0c28","undefined2 ??"
"REG_IPR24","fffe0c2a","undefined2 ??"
"REG_IPR25","fffe0c2c","undefined2 ??"
"REG_IPR26","fffe0c2e","undefined2 ??"
"REG_IPR27","fffe0c30","undefined2 ??"
"REG_IPR28","fffe0c32","undefined2 ??"
"REG_IPR29","fffe0c34","undefined2 ??"
"REG_SAR0","fffe1000","?? ??"
"REG_DAR0","fffe1004","?? ??"
"REG_DMATCR0","fffe1008","?? ??"
"REG_CHCR0","fffe100c","undefined4 ??"
"REG_SAR1","fffe1010","?? ??"
"REG_DAR1","fffe1014","?? ??"
"REG_DMATCR1","fffe1018","?? ??"
"REG_CHCR1","fffe101c","undefined4 ??"
"REG_SAR2","fffe1020","?? ??"
"REG_DAR2","fffe1024","?? ??"
"REG_DMATCR2","fffe1028","?? ??"
"REG_CHCR2","fffe102c","?? ??"
"REG_SAR3","fffe1030","?? ??"
"REG_DAR3","fffe1034","?? ??"
"REG_DMATCR3","fffe1038","?? ??"
"REG_CHCR3","fffe103c","?? ??"
"REG_SAR4","fffe1040","?? ??"
"REG_DAR4","fffe1044","?? ??"
"REG_DMATCR4","fffe1048","?? ??"
"REG_CHCR4","fffe104c","?? ??"
"REG_SAR5","fffe1050","?? ??"
"REG_DAR5","fffe1054","?? ??"
"REG_DMATCR5","fffe1058","?? ??"
"REG_CHCR5","fffe105c","?? ??"
"REG_SAR6","fffe1060","?? ??"
"REG_DAR6","fffe1064","?? ??"
"REG_DMATCR6","fffe1068","?? ??"
"REG_CHCR6","fffe106c","?? ??"
"REG_SAR7","fffe1070","?? ??"
"REG_DAR7","fffe1074","?? ??"
"REG_DMATCR7","fffe1078","?? ??"
"REG_CHCR7","fffe107c","?? ??"
"REG_CHFR0","fffe108c","?? ??"
"REG_TEMSK0","fffe108e","?? ??"
"REG_CHFR1","fffe109c","undefined1 ??"
"REG_TEMSK1","fffe109e","?? ??"
"REG_CHFR2","fffe10ac","undefined1 ??"
"REG_TEMSK2","fffe10ae","?? ??"
"REG_CHFR3","fffe10bc","?? ??"
"REG_TEMSK3","fffe10be","?? ??"
"REG_CHFR4","fffe10cc","undefined1 ??"
"REG_TEMSK4","fffe10ce","?? ??"
"REG_CHFR5","fffe10dc","undefined1 ??"
"REG_TEMSK5","fffe10de","?? ??"
"REG_CHFR6","fffe10ec","undefined1 ??"
"REG_TEMSK6","fffe10ee","?? ??"
"REG_CHFR7","fffe10fc","?? ??"
"REG_TEMSK7","fffe10fe","?? ??"
"REG_RSAR0","fffe1100","?? ??"
"REG_RDAR0","fffe1104","?? ??"
"REG_RDMATCR0","fffe1108","?? ??"
"REG_RSAR1","fffe1110","?? ??"
"REG_RDAR1","fffe1114","?? ??"
"REG_RDMATCR1","fffe1118","?? ??"
"REG_RSAR2","fffe1120","?? ??"
"REG_RDAR2","fffe1124","?? ??"
"REG_RDMATCR2","fffe1128","?? ??"
"REG_RSAR3","fffe1130","?? ??"
"REG_RDAR3","fffe1134","?? ??"
"REG_RDMATCR3","fffe1138","?? ??"
"REG_RSAR4","fffe1140","?? ??"
"REG_RDAR4","fffe1144","?? ??"
"REG_RDMATCR4","fffe1148","?? ??"
"REG_ARCR4","fffe114c","?? ??"
"REG_RARCR4","fffe114e","?? ??"
"REG_RSAR5","fffe1150","?? ??"
"REG_RDAR5","fffe1154","?? ??"
"REG_RDMATCR5","fffe1158","?? ??"
"REG_ARCR5","fffe115c","?? ??"
"REG_RARCR5","fffe115e","?? ??"
"REG_RSAR6","fffe1160","?? ??"
"REG_RDAR6","fffe1164","?? ??"
"REG_RDMATCR6","fffe1168","?? ??"
"REG_ARCR6","fffe116c","?? ??"
"REG_RARCR6","fffe116e","?? ??"
"REG_RSAR7","fffe1170","?? ??"
"REG_RDAR7","fffe1174","?? ??"
"REG_RDMATCR7","fffe1178","?? ??"
"REG_ARCR7","fffe117c","?? ??"
"REG_RARCR7","fffe117e","?? ??"
"REG_DMAOR","fffe1200","undefined2 ??"
"REG_DMAFR","fffe1204","undefined1 ??"
"REG_DMARS0","fffe1300","?? ??"
"REG_DMARS1","fffe1304","?? ??"
"REG_DMARS2","fffe1308","?? ??"
"REG_DMARS3","fffe130c","?? ??"
"REG_PADR","fffe3802","?? ??"
"REG_PACR2","fffe3814","?? ??"
"REG_PAIR","fffe3818","?? ??"
"REG_PAPR","fffe381e","?? ??"
"REG_PBDR","fffe3882","?? ??"
"REG_PBCR4","fffe3890","?? ??"
"REG_PBCR2","fffe3894","?? ??"
"REG_PBIR","fffe3898","?? ??"
"REG_PBDSR","fffe389a","?? ??"
"REG_PBPSR","fffe389c","?? ??"
"REG_PBPR","fffe389e","?? ??"
"REG_PCDR","fffe3902","?? ??"
"REG_PCCR4","fffe3910","?? ??"
"REG_PCCR2","fffe3914","?? ??"
"REG_PCIR","fffe3918","?? ??"
"REG_PCDSR","fffe391a","?? ??"
"REG_PCPR","fffe391e","?? ??"
"REG_ADMAOR","fffe6000","undefined1 ??"
"REG_ADMAABR","fffe6002","undefined1 ??"
"REG_ADMAIE0","fffe6010","?? ??"
"REG_ADMAIE1","fffe6011","?? ??"
"REG_ADMAIE2","fffe6012","?? ??"
"REG_ADMAIE3","fffe6013","?? ??"
"REG_ADMAIE4","fffe6014","?? ??"
"REG_ADMAIE5","fffe6015","?? ??"
"REG_ADMAIE6","fffe6016","?? ??"
"REG_ADMAIE7","fffe6017","undefined1 ??"
"REG_ADMAIE8","fffe6018","?? ??"
"REG_ADMAIE9","fffe6019","?? ??"
"REG_ADMADV","fffe6020","?? ??"
"REG_ADMADV1","fffe6021","?? ??"
"REG_ADMADV2","fffe6022","?? ??"
"REG_ADMADV3","fffe6023","?? ??"
"REG_ADMADV4","fffe6024","?? ??"
"REG_ADMADV5","fffe6025","?? ??"
"REG_ADMATE0","fffe6030","undefined1 ??"
"REG_ADMATE1","fffe6031","?? ??"
"REG_ADMATE2","fffe6032","?? ??"
"REG_ADMADE0","fffe6040","?? ??"
"REG_ADMADE1","fffe6041","?? ??"
"REG_ADMADE2","fffe6042","?? ??"
"REG_ADMADE3","fffe6043","?? ??"
"REG_ADMADE4","fffe6044","?? ??"
"REG_ADMADE5","fffe6045","?? ??"
"REG_ADMADE6","fffe6046","?? ??"
"REG_ADMADE7","fffe6047","?? ??"
"REG_ADMAMODE0","fffe6050","?? ??"
"REG_ADMAMODE1","fffe6051","?? ??"
"REG_ADMAMODE2","fffe6052","?? ??"
"REG_ADMATCR0","fffe6060","?? ??"
"REG_ADMARTCR0","fffe6062","?? ??"
"REG_ADMATCR1","fffe6064","?? ??"
"REG_ADMARTCR1","fffe6066","?? ??"
"REG_ADMATCR56","fffe6070","?? ??"
"REG_ADMATCR57","fffe6072","?? ??"
"REG_ADMATCR58","fffe6074","?? ??"
"REG_ADMATCR59","fffe6076","?? ??"
"REG_ADMATCR60","fffe6078","?? ??"
"REG_ADMATCR61","fffe607a","?? ??"
"REG_ADMATCR62","fffe607c","?? ??"
"REG_ADMATCR63","fffe607e","?? ??"
"REG_ADMATCR64","fffe6080","?? ??"
"REG_ADMATCR65","fffe6082","?? ??"
"REG_ADMATCR66","fffe6084","?? ??"
"REG_ADMATCR67","fffe6086","?? ??"
"REG_ADMAAR0","fffe6090","?? ??"
"REG_ADMARAR0","fffe6092","?? ??"
"REG_ADMAAR1","fffe6094","?? ??"
"REG_ADMARAR1","fffe6096","?? ??"
"REG_ADMAAR56","fffe60a0","?? ??"
"REG_ADMAAR57","fffe60a2","?? ??"
"REG_ADMAAR58","fffe60a4","?? ??"
"REG_ADMAAR59","fffe60a6","?? ??"
"REG_ADMAAR60","fffe60a8","?? ??"
"REG_ADMAAR61","fffe60aa","?? ??"
"REG_ADMAAR62","fffe60ac","?? ??"
"REG_ADMAAR63","fffe60ae","?? ??"
"REG_ADMAAR64","fffe60b0","?? ??"
"REG_ADMAAR65","fffe60b2","?? ??"
"REG_ADMAAR66","fffe60b4","?? ??"
"REG_ADMAAR67","fffe60b6","?? ??"
"REG_ADMABUF2","fffe60c0","?? ??"
"REG_ADMABUF3","fffe60c4","?? ??"
"REG_ADMABUF4","fffe60c8","?? ??"
"REG_ADMABUF5","fffe60cc","?? ??"
"REG_ADMARVPR0","fffe60e0","?? ??"
"REG_ADMARVPR1","fffe60e2","?? ??"
"REG_ADMARVPR2","fffe60e4","?? ??"
"REG_ADMARVPR3","fffe60e6","?? ??"
"REG_ADMATVPR0","fffe60f0","?? ??"
"REG_ADMATVPR1","fffe60f2","?? ??"
"REG_ADMATVPR2","fffe60f4","?? ??"
"REG_ADMATVPR3","fffe60f6","?? ??"
"REG_CMSTR","fffec000","undefined2 ??"
"REG_CMCR_0","fffec010","undefined1 ??"
"REG_CMSR_0","fffec011","undefined1 ??"
"REG_CMCNT_0","fffec012","undefined2 ??"
"REG_CMCOR_0","fffec014","undefined2 ??"
"REG_CMCR_1","fffec020","?? ??"
"REG_CMSR_1","fffec021","undefined1 ??"
"REG_CMCNT_1","fffec022","?? ??"
"REG_CMCOR_1","fffec024","?? ??"
"REG_RAMEN","ffff0800","undefined2 ??"
"REG_RAMWEN","ffff0802","undefined2 ??"
"REG_RAMECC","ffff0804","undefined2 ??"
"REG_RAMERR","ffff0806","undefined1 ??"
"REG_RAMINT","ffff0810","undefined1 ??"
"REG_RAMACYC","ffff0812","undefined2 ??"
"REG_SCSMR1A","ffff8000","?? ??"
"REG_SCBRR1A","ffff8004","?? ??"
"REG_SCSCR1A","ffff8008","?? ??"
"REG_SCTDR1A","ffff800c","?? ??"
"REG_SCSSR1A","ffff8010","?? ??"
"REG_SCRDR1A","ffff8014","?? ??"
"REG_SCSMR1B","ffff8800","?? ??"
"REG_SCBRR1B","ffff8804","?? ??"
"REG_SCSCR1B","ffff8808","?? ??"
"REG_SCTDR1B","ffff880c","?? ??"
"REG_SCSSR1B","ffff8810","?? ??"
"REG_SCRDR1B","ffff8814","?? ??"
"REG_SCSMR1C","ffff9000","?? ??"
"REG_SCBRR1C","ffff9004","?? ??"
"REG_SCSCR1C","ffff9008","?? ??"
"REG_SCTDR1C","ffff900c","?? ??"
"REG_SCSSR1C","ffff9010","?? ??"
"REG_SCRDR1C","ffff9014","?? ??"
"REG_SPCRA","ffffb000","undefined1 ??"
"REG_SSLPA","ffffb001","?? ??"
"REG_SPPCRA","ffffb002","?? ??"
"REG_SPSRA","ffffb003","?? ??"
"REG_SPDRA","ffffb004","?? ??"
"REG_SPSCRA","ffffb008","?? ??"
"REG_SPSSRA","ffffb009","?? ??"
"REG_SPBRA","ffffb00a","?? ??"
"REG_SPCKDA","ffffb00c","?? ??"
"REG_SSLNDA","ffffb00d","?? ??"
"REG_SPNDA","ffffb00e","?? ??"
"REG_SPCMD0","ffffb010","?? ??"
"REG_SPCMD1","ffffb012","?? ??"
"REG_SPCMD2","ffffb014","?? ??"
"REG_SPCMD3","ffffb016","?? ??"
"REG_SPCMD4","ffffb018","?? ??"
"REG_SPCMD5","ffffb01a","?? ??"
"REG_SPCMD6","ffffb01c","?? ??"
"REG_SPCMD7","ffffb01e","?? ??"
"REG_SPCRB","ffffb800","undefined1 ??"
"REG_SSLPB","ffffb801","?? ??"
"REG_SPPCRB","ffffb802","?? ??"
"REG_SPSRB","ffffb803","?? ??"
"REG_SPDRB","ffffb804","?? ??"
"REG_SPSCRB","ffffb808","?? ??"
"REG_SPSSRB","ffffb809","?? ??"
"REG_SPBRB","ffffb80a","?? ??"
"REG_SPCKDB","ffffb80c","?? ??"
"REG_SSLNDB","ffffb80d","?? ??"
"REG_SPNDB","ffffb80e","?? ??"
"REG_SPCMDB0","ffffb810","?? ??"
"REG_SPCMDB1","ffffb812","?? ??"
"REG_SPCMDB2","ffffb814","?? ??"
"REG_SPCMDB3","ffffb816","?? ??"
"REG_SPCMDB4","ffffb818","?? ??"
"REG_SPCMDB5","ffffb81a","?? ??"
"REG_SPCMDB6","ffffb81c","?? ??"
"REG_SPCMDB7","ffffb81e","?? ??"
"REG_PDDR?","ffffc800","?? ??"
"REG_PDPR?","ffffc802","?? ??"
"REG_PDIR?","ffffc804","?? ??"
"REG_PDCR2?","ffffc80c","?? ??"
"REG_PEDR?","ffffc810","?? ??"
"REG_PEPR?","ffffc812","?? ??"
"REG_PEIR?","ffffc814","?? ??"
"REG_PEDSR?","ffffc816","?? ??"
"REG_PECR2?","ffffc81c","?? ??"
"REG_PFDR","ffffc820","?? ??"
"REG_PFPR","ffffc822","?? ??"
"REG_PFIR","ffffc824","?? ??"
"REG_PFDSR","ffffc826","?? ??"
"REG_PFPSR","ffffc828","?? ??"
"REG_PFCR2","ffffc82c","?? ??"
"REG_PGDR","ffffc830","undefined2 ??"
"REG_PGPR","ffffc832","?? ??"
"REG_PGIR","ffffc834","?? ??"
"REG_PGDSR","ffffc836","?? ??"
"REG_PGER","ffffc838","undefined2 ??"
"REG_PGPSR","ffffc83a","?? ??"
"REG_PHCR2?","ffffc840","undefined4 ??"
"REG_PIDR?","ffffc850","?? ??"
"REG_PIPR?","ffffc852","?? ??"
"REG_PICR2?","ffffc858","undefined2 ??"
"REG_PJDR","ffffc860","?? ??"
"REG_PJPR","ffffc862","?? ??"
"REG_PJIR","ffffc864","?? ??"
"REG_PJDSR","ffffc866","?? ??"
"REG_PJPSR","ffffc868","?? ??"
"REG_PKCR2?","ffffc870","?? ??"
"REG_PLDR?","ffffc880","?? ??"
"REG_PLPR?","ffffc882","?? ??"
"REG_PLIR?","ffffc884","?? ??"
"REG_PLDSR?","ffffc886","?? ??"
"REG_PLPSR?","ffffc888","?? ??"
"REG_PMCR2?","ffffc890","?? ??"
"REG_PNDR?","ffffc8a0","?? ??"
"REG_PNPR?","ffffc8a2","?? ??"
"REG_PNIR?","ffffc8a4","?? ??"
"REG_PNDSR?","ffffc8a6","?? ??"
"REG_PNPSR?","ffffc8a8","?? ??"
"REG_PNCR2?","ffffc8ac","?? ??"
"REG_CKCR","ffffc920","undefined2 ??"
"REG_PSPR","ffffcb02","?? ??"
"REG_PSCR4","ffffcb10","?? ??"
"REG_PSCR3","ffffcb12","?? ??"
"REG_PSCR2","ffffcb14","?? ??"
"REG_PSCR1","ffffcb16","?? ??"
"REG_PTPR","ffffcb22","?? ??"
"REG_PTCR2","ffffcb34","?? ??"
"REG_PTCR1","ffffcb36","?? ??"
"REG_DAT_ffffd020","ffffd020","?? ??"
"REG_DAT_ffffd030","ffffd030","?? ??"
"REG_CAN_RXPR1","ffffd040","?? ??"
"REG_CAN_RXPR0","ffffd042","?? ??"
"REG_CAN_RFPR1","ffffd048","?? ??"
"REG_CAN_RFPR0","ffffd04a","?? ??"
"REG_CAN_MBIMR1","ffffd050","?? ??"
"REG_CAN_MBIMR0","ffffd052","?? ??"
"REG_CAN_UMSR1","ffffd058","?? ??"
"REG_CAN_UMSR0","ffffd05a","?? ??"
"REG_CAN_TTCR0","ffffd080","?? ??"
"REG_CAN_CMAX_TEW","ffffd084","?? ??"
"REG_CAN_RFTROFF","ffffd086","?? ??"
"REG_CAN_TSR","ffffd088","?? ??"
"REG_CAN_CCR","ffffd08a","?? ??"
"REG_CAN_TCNTR","ffffd08c","?? ??"
"REG_CAN_CYCTR","ffffd090","?? ??"
"REG_CAN_RFMK","ffffd094","?? ??"
"REG_CAN_TCMR0","ffffd098","?? ??"
"REG_CAN_TCMR1","ffffd09c","?? ??"
"REG_CAN_TCMR2","ffffd0a0","?? ??"
"REG_CAN_TTTSEL","ffffd0a4","?? ??"
"REG_CAN_MB0_CONTROL0_H","ffffd100","?? ??"
"REG_CAN_MB0_CONTROL0_L","ffffd102","?? ??"
"REG_CAN_MB0_LAFM0","ffffd104","?? ??"
"REG_CAN_MB0_LAFM1","ffffd106","?? ??"
"REG_CAN_MB0_DATA_01","ffffd108","?? ??"
"REG_CAN_MB0_DATA_23","ffffd10a","?? ??"
"REG_CAN_MB0_DATA_45","ffffd10c","?? ??"
"REG_CAN_MB0_DATA_67","ffffd10e","?? ??"
"REG_CAN_MB0_CONTROL1","ffffd110","?? ??"
"REG_CAN_MB0_TIMESTAMP","ffffd112","?? ??"
"REG_CAN_D66E","ffffd66e","undefined4 ??"
"REG_CAN_D672","ffffd672","undefined4 ??"
"REG_CAN_ADCSR0","ffffe800","?? ??"
"REG_ADREF0","ffffe802","?? ??"
"REG_ADTRE0","ffffe804","undefined2 ??"
"REG_ADTRF0","ffffe806","undefined2 ??"
"REG_ADTRS0","ffffe808","undefined2 ??"
"REG_ADSTRG0","ffffe80a","undefined2 ??"
"REG_ADTRD0","ffffe80c","undefined2 ??"
"REG_ADADS0","ffffe81c","?? ??"
"REG_ADADC0","ffffe81e","?? ??"
"REG_ADANS0","ffffe820","undefined4 ??"
"REG_ADCER0","ffffe830","?? ??"
"REG_CAN_ADRD0","ffffe83e","?? ??"
"REG_CAN_ADR0","ffffe840","?? ??"
"REG_CAN_EC10","ffffec10","undefined1 ??"
"REG_CAN_EC12","ffffec12","undefined1 ??"
"REG_CAN_EC14","ffffec14","undefined1 ??"
"REG_CAN_EC16","ffffec16","undefined4 ??"
"REG_CAN_EC20","ffffec20","undefined4 ??"
"REG_CAN_ADR40","ffffec40","?? ??"
"REG_ATUENR","fffff000","undefined2 ??"
"REG_CBCNT","fffff002","undefined1 ??"
"REG_NCMR","fffff003","undefined1 ??"
"REG_PSCR0","fffff100","undefined2 ??"
"REG_PSCR1","fffff102","undefined2 ??"
"REG_PSCR2","fffff104","undefined2 ??"
"REG_PSCR3","fffff106","undefined2 ??"
"REG_TCRA","fffff202","undefined1 ??"
"REG_TIOR1A","fffff204","undefined2 ??"
"REG_TIOR2A","fffff206","undefined2 ??"
"REG_NCNTA0","fffff210","?? ??"
"REG_NCNRA0","fffff211","?? ??"
"REG_NCNTA1","fffff212","?? ??"
"REG_NCNRA1","fffff213","?? ??"
"REG_NCNTA2","fffff214","?? ??"
"REG_NCNRA2","fffff215","?? ??"
"REG_NCNTA3","fffff216","?? ??"
"REG_NCNRA3","fffff217","?? ??"
"REG_TCNTA","fffff220","undefined4 ??"
"REG_ICRA0","fffff228","?? ??"
"REG_ICRA1","fffff22c","?? ??"
"REG_ICRA2","fffff230","?? ??"
"REG_ICRA3","fffff234","?? ??"
"REG_TCRB","fffff304","undefined1 ??"
"REG_TIORB","fffff305","undefined1 ??"
"REG_TSRB","fffff306","undefined1 ??"
"REG_TIERB","fffff307","undefined1 ??"
"REG_TCNTB0","fffff310","undefined4 ??"
"REG_ICRB0","fffff314","undefined4 ??"
"REG_OCRB0","fffff318","undefined4 ??"
"REG_TCNTB1","fffff31c","undefined1 ??"
"REG_OCRB1","fffff31d","undefined1 ??"
"REG_ICRB1","fffff320","?? ??"
"REG_ICRB2","fffff324","?? ??"
"REG_LDB","fffff330","undefined4 ??"
"REG_RLDB","fffff334","undefined4 ??"
"REG_PIMR","fffff338","undefined2 ??"
"REG_TCNTB2","fffff33c","undefined4 ??"
"REG_TCNTB6","fffff340","undefined4 ??"
"REG_OCRB6","fffff344","undefined4 ??"
"REG_OCRB7","fffff348","?? ??"
"REG_TCNTB3","fffff350","undefined4 ??"
"REG_TCNTB4","fffff354","undefined4 ??"
"REG_TCNTB5","fffff358","undefined4 ??"
"REG_TCCLRB","fffff35c","undefined4 ??"
"REG_TSTRC","fffff400","undefined1 ??"
"REG_NCCRC0","fffff402","undefined1 ??"
"REG_NCCRC1","fffff403","undefined1 ??"
"REG_NCCRC2","fffff404","?? ??"
"REG_NCCRC3","fffff405","?? ??"
"REG_NCCRC4","fffff406","?? ??"
"REG_NCNTC00","fffff410","?? ??"
"REG_NCNTC01","fffff411","?? ??"
"REG_NCNTC02","fffff412","?? ??"
"REG_NCNTC03","fffff413","?? ??"
"REG_NCRC00","fffff414","?? ??"
"REG_NCRC01","fffff415","?? ??"
"REG_NCRC02","fffff416","?? ??"
"REG_NCRC03","fffff417","?? ??"
"REG_NCNTC10","fffff418","?? ??"
"REG_NCNTC11","fffff419","?? ??"
"REG_NCNTC12","fffff41a","?? ??"
"REG_NCNTC13","fffff41b","?? ??"
"REG_NCRC10","fffff41c","?? ??"
"REG_NCRC11","fffff41d","?? ??"
"REG_NCRC12","fffff41e","?? ??"
"REG_NCRC13","fffff41f","?? ??"
"REG_NCNTC20","fffff420","?? ??"
"REG_NCNTC21","fffff421","?? ??"
"REG_NCNTC22","fffff422","?? ??"
"REG_NCNTC23","fffff423","?? ??"
"REG_NCRC20","fffff424","?? ??"
"REG_NCRC21","fffff425","?? ??"
"REG_NCRC22","fffff426","?? ??"
"REG_NCRC23","fffff427","?? ??"
"REG_NCNTC30","fffff428","?? ??"
"REG_NCNTC31","fffff429","?? ??"
"REG_NCNTC32","fffff42a","?? ??"
"REG_NCNTC33","fffff42b","?? ??"
"REG_NCRC30","fffff42c","?? ??"
"REG_NCRC31","fffff42d","?? ??"
"REG_NCRC32","fffff42e","?? ??"
"REG_NCRC33","fffff42f","?? ??"
"REG_NCNTC40","fffff430","?? ??"
"REG_NCNTC41","fffff431","?? ??"
"REG_NCNTC42","fffff432","?? ??"
"REG_NCNTC43","fffff433","?? ??"
"REG_NCRC40","fffff434","?? ??"
"REG_NCRC41","fffff435","?? ??"
"REG_NCRC42","fffff436","?? ??"
"REG_NCRC43","fffff437","?? ??"
"REG_TCRC0","fffff440","undefined1 ??"
"REG_TIERC0","fffff441","?? ??"
"REG_TIORC0","fffff442","undefined2 ??"
"REG_TSRC0","fffff444","?? ??"
"REG_GRC00","fffff448","undefined4 ??"
"REG_GRC01","fffff44c","undefined4 ??"
"REG_GRC02","fffff450","?? ??"
"REG_GRC03","fffff454","?? ??"
"REG_TCNTC0","fffff458","undefined4 ??"
"REG_TCRC1","fffff460","undefined1 ??"
"REG_TIERC1","fffff461","?? ??"
"REG_TIORC1","fffff462","undefined2 ??"
"REG_TSRC1","fffff464","undefined1 ??"
"REG_GRC10","fffff468","undefined4 ??"
"REG_GRC11","fffff46c","?? ??"
"REG_GRC12","fffff470","?? ??"
"REG_GRC13","fffff474","?? ??"
"REG_TCNTC1","fffff478","undefined4 ??"
"REG_TCRC2","fffff480","?? ??"
"REG_TIERC2","fffff481","?? ??"
"REG_TIORC2","fffff482","?? ??"
"REG_TSRC2","fffff484","undefined1 ??"
"REG_GRC20","fffff488","?? ??"
"REG_GRC21","fffff48c","?? ??"
"REG_GRC22","fffff490","?? ??"
"REG_GRC23","fffff494","?? ??"
"REG_TCNTC2","fffff498","?? ??"
"REG_TCRC3","fffff4a0","?? ??"
"REG_TIERC3","fffff4a1","?? ??"
"REG_TIORC3","fffff4a2","?? ??"
"REG_TSRC3","fffff4a4","?? ??"
"REG_GRC30","fffff4a8","?? ??"
"REG_GRC31","fffff4ac","?? ??"
"REG_GRC32","fffff4b0","?? ??"
"REG_GRC33","fffff4b4","?? ??"
"REG_TCNTC3","fffff4b8","?? ??"
"REG_TCRC4","fffff4c0","?? ??"
"REG_TIERC4","fffff4c1","?? ??"
"REG_TIORC4","fffff4c2","?? ??"
"REG_TSRC4","fffff4c4","?? ??"
"REG_GRC40","fffff4c8","?? ??"
"REG_GRC41","fffff4cc","?? ??"
"REG_GRC42","fffff4d0","?? ??"
"REG_GRC43","fffff4d4","?? ??"
"REG_TCNTC4","fffff4d8","?? ??"
"REG_TSTRD","fffff500","undefined1 ??"
"REG_TCNT1D0","fffff520","undefined4 ??"
"REG_TCNT2D0","fffff524","undefined4 ??"
"REG_OSBRD0","fffff528","?? ??"
"REG_TCRD0","fffff52c","undefined2 ??"
"REG_TOCRD0","fffff52e","undefined1 ??"
"REG_CMPOD0","fffff52f","?? ??"
"REG_TCNT1D1","fffff530","undefined4 ??"
"REG_TCNT2D1","fffff534","undefined4 ??"
"REG_OSBRD1","fffff538","?? ??"
"REG_TCRD1","fffff53c","undefined2 ??"
"REG_TOCRD1","fffff53e","undefined1 ??"
"REG_CMPOD1","fffff53f","?? ??"
"REG_TIOR1D0","fffff580","?? ??"
"REG_TIOR2D0","fffff582","?? ??"
"REG_DSTRD0","fffff585","?? ??"
"REG_DSRD0","fffff587","?? ??"
"REG_DCRD0","fffff588","?? ??"
"REG_TSRD0","fffff58c","undefined2 ??"
"REG_TIERD0","fffff58e","undefined2 ??"
"REG_OCRD00","fffff590","?? ??"
"REG_GRD00","fffff5a0","?? ??"
"REG_DCNTD00","fffff5b0","?? ??"
"REG_TSRD1","fffff5cc","undefined2 ??"
"REG_TIERD1","fffff5ce","undefined2 ??"
"REG_TSRD2","fffff60c","undefined2 ??"
"REG_TIERD2","fffff60e","undefined2 ??"
"REG_TSRD3","fffff64c","undefined2 ??"
"REG_TIERD3","fffff64e","undefined2 ??"
"REG_RSVD_F680_F69C","fffff69c","?? ??"
"REG_RSVD_F680_F6A0","fffff6a0","?? ??"
"REG_RSVD_F680_F6C6","fffff6c6","?? ??"
"REG_RSVD_F680_F6CA","fffff6ca","?? ??"
"REG_RSVD_F680_F6DE","fffff6de","?? ??"
"REG_TSTRE","fffff700","undefined1 ??"
"REG_RSVD_F704_F758","fffff758","?? ??"
"REG_RSVD_F704_F75C","fffff75c","?? ??"
"REG_RSVD_F704_F76E","fffff76e","?? ??"
"REG_RSVD_F704_F772","fffff772","?? ??"
"REG_RSVD_F704_F77A","fffff77a","?? ??"
"REG_RSVD_F704_F7AE","fffff7ae","?? ??"
"REG_RSVD_F704_F7B2","fffff7b2","?? ??"
"REG_RSVD_F704_F7B6","fffff7b6","?? ??"
"REG_RSVD_F704_F7BA","fffff7ba","?? ??"
"REG_RSVD_F704_F7C0","fffff7c0","?? ??"
"REG_RSVD_F704_F7C4","fffff7c4","?? ??"
"REG_RSVD_F704_F7C8","fffff7c8","?? ??"
"REG_RSVD_F704_F7CC","fffff7cc","?? ??"
"REG_TCRE0","fffff800","undefined1 ??"
"REG_TOCRE0","fffff801","undefined1 ??"
"REG_TIERE0","fffff802","?? ??"
"REG_RLDCRE0","fffff803","undefined1 ??"
"REG_TSRE0","fffff804","undefined1 ??"
"REG_PSCRE0","fffff808","undefined1 ??"
"REG_SOLVLE0","fffff809","?? ??"
"REG_POECRE0","fffff80a","?? ??"
"REG_SSTRE0","fffff80c","undefined1 ??"
"REG_CYLRE00","fffff810","undefined2 ??"
"REG_CYLRE01","fffff812","undefined2 ??"
"REG_CYLRE02","fffff814","?? ??"
"REG_CYLRE03","fffff816","?? ??"
"REG_DTRE00","fffff818","undefined2 ??"
"REG_DTRE01","fffff81a","undefined2 ??"
"REG_DTRE02","fffff81c","?? ??"
"REG_DTRE03","fffff81e","?? ??"
"REG_CRLDE00","fffff820","?? ??"
"REG_CRLDE01","fffff822","?? ??"
"REG_CRLDE02","fffff824","?? ??"
"REG_CRLDE03","fffff826","?? ??"
"REG_DRLDE00","fffff828","?? ??"
"REG_DRLDE01","fffff82a","?? ??"
"REG_DRLDE02","fffff82c","?? ??"
"REG_DRLDE03","fffff82e","?? ??"
"REG_TCNTE00","fffff830","undefined2 ??"
"REG_TCNTE01","fffff832","undefined2 ??"
"REG_TCNTE02","fffff834","?? ??"
"REG_TCNTE03","fffff836","?? ??"
"REG_TCRE1","fffff840","undefined1 ??"
"REG_TOCRE1","fffff841","undefined1 ??"
"REG_TIERE1","fffff842","?? ??"
"REG_RLDCRE1","fffff843","undefined1 ??"
"REG_TSRE1","fffff844","undefined1 ??"
"REG_PSCRE1","fffff848","undefined1 ??"
"REG_SOLVLE1","fffff849","?? ??"
"REG_POECRE1","fffff84a","?? ??"
"REG_SSTRE1","fffff84c","undefined1 ??"
"REG_CYLRE10","fffff850","undefined2 ??"
"REG_CYLRE11","fffff852","?? ??"
"REG_CYLRE12","fffff854","?? ??"
"REG_CYLRE13","fffff856","?? ??"
"REG_DTRE10","fffff858","undefined2 ??"
"REG_TCNTE10","fffff870","undefined2 ??"
"REG_TSRE2","fffff884","undefined1 ??"
"REG_CRLDE20","fffff8a0","?? ??"
"REG_CRLDE21","fffff8a2","?? ??"
"REG_CRLDE22","fffff8a4","?? ??"
"REG_CRLDE23","fffff8a6","?? ??"
"REG_DRLDE20","fffff8a8","?? ??"
"REG_TCRE3","fffff8c0","?? ??"
"REG_TOCRE3","fffff8c1","?? ??"
"REG_TIERE3","fffff8c2","?? ??"
"REG_RLDCRE3","fffff8c3","?? ??"
"REG_TSRE3","fffff8c4","undefined1 ??"
"REG_TSRE4","fffff904","undefined1 ??"
"REG_RSVD_F938_F9F2","fffff9f2","?? ??"
"REG_TSTRF","fffffa00","undefined4 ??"
"REG_NCCRF","fffffa04","undefined4 ??"
"REG_NCRFA0","fffffa11","?? ??"
"REG_RSVD_FA58_FA5F","fffffa5f","?? ??"
"REG_RSVD_FA58_FA63","fffffa63","?? ??"
"REG_RSVD_FA58_FA67","fffffa67","?? ??"
"REG_RSVD_FA58_FA6B","fffffa6b","?? ??"
"REG_TCRF0","fffffa80","undefined1 ??"
"REG_TIERF0","fffffa81","?? ??"
"REG_TSRF0","fffffa83","?? ??"
"REG_ECNTAF0","fffffa84","?? ??"
"REG_ECNTBF0","fffffa88","?? ??"
"REG_GRBF0","fffffa8a","?? ??"
"REG_ECNTCF0","fffffa8c","?? ??"
"REG_GRAF0","fffffa90","?? ??"
"REG_GRCF0","fffffa98","?? ??"
"REG_TCRF1","fffffaa0","undefined1 ??"
"REG_GRAF14","fffffc50","?? ??"
"REG_ECNTBF15","fffffc68","?? ??"
"REG_ECNTCF15","fffffc6c","?? ??"
"REG_RSVD_FD00_FD8C","fffffd8c","?? ??"
"REG_RSVD_FD00_FDA8","fffffda8","?? ??"
"REG_RSVD_FD00_FDDC","fffffddc","?? ??"
"REG_RSVD_FD00_FDF4","fffffdf4","?? ??"
"REG_TSTRG","fffffe01","undefined1 ??"
"REG_RSVD_FE04_FE38","fffffe38","?? ??"
"REG_RSVD_FE04_FE4C","fffffe4c","?? ??"
"REG_RSVD_FE04_FE50","fffffe50","?? ??"
"REG_RSVD_FE04_FE66","fffffe66","?? ??"
"REG_TCRG0","fffffe80","undefined1 ??"
"REG_TSRG0","fffffe81","undefined1 ??"
"REG_TCNTG0","fffffe84","?? ??"
"REG_OCRG0","fffffe86","?? ??"
"REG_TCRG1","fffffe90","undefined1 ??"
"REG_TCNTG1","fffffe94","?? ??"
"REG_TSRG2","fffffea1","undefined1 ??"
"REG_RSVD_FEA8_FEA8","fffffea8","?? ??"
"REG_TSRG4","fffffec1","undefined1 ??"
"REG_TCRG5","fffffed0","?? ??"
"REG_TSRG5","fffffed1","undefined1 ??"
"REG_RSVD_FED2_FED2","fffffed2","?? ??"
"REG_RSVD_FED2_FED3","fffffed3","?? ??"
"REG_TCNTG5","fffffed4","?? ??"
"REG_OCRG5","fffffed6","undefined2 ??"
"REG_RSVD_FED8_FED8","fffffed8","?? ??"
"REG_RSVD_FED8_FEDC","fffffedc","?? ??"
"REG_RSVD_FED8_FEEC","fffffeec","?? ??"
"REG_RSVD_FF00_FF00","ffffff00","?? ??"
"REG_RSVD_FF00_FF04","ffffff04","?? ??"
"REG_RSVD_FF00_FF0B","ffffff0b","?? ??"
"REG_RSVD_FF00_FF0E","ffffff0e","?? ??"
"REG_RSVD_FF00_FF0F","ffffff0f","?? ??"
"REG_RSVD_FF00_FF1C","ffffff1c","?? ??"
"REG_RSVD_FF00_FF1F","ffffff1f","?? ??"
"REG_RSVD_FF00_FF20","ffffff20","?? ??"
"REG_RSVD_FF00_FF30","ffffff30","?? ??"
"REG_RSVD_FF00_FF32","ffffff32","?? ??"
"REG_RSVD_FF00_FF36","ffffff36","?? ??"
"REG_RSVD_FF00_FF38","ffffff38","?? ??"
"REG_RSVD_FF00_FF3B","ffffff3b","?? ??"
"REG_TCRH","ffffff40","undefined1 ??"
"REG_TSRH","ffffff41","undefined1 ??"
"REG_TCNT2I","ffffff68","?? ??"
"REG_RSVD_FF4C_FF6C","ffffff6c","?? ??"
"REG_RSVD_FF4C_FF78","ffffff78","?? ??"
"REG_TSTRJ","ffffff80","undefined1 ??"
"REG_RSVD_FF81_FF81","ffffff81","?? ??"
"REG_RSVD_FF81_FF82","ffffff82","?? ??"
"REG_RSVD_FF81_FF83","ffffff83","?? ??"
"REG_RSVD_FF84_FF84","ffffff84","?? ??"
"REG_RSVD_FF84_FF85","ffffff85","?? ??"
"REG_RSVD_FF84_FF86","ffffff86","?? ??"
"REG_RSVD_FF84_FF87","ffffff87","?? ??"
"REG_RSVD_FF84_FF88","ffffff88","?? ??"
"REG_RSVD_FF84_FF89","ffffff89","?? ??"
"REG_RSVD_FF84_FF8A","ffffff8a","?? ??"
"REG_RSVD_FF84_FF8B","ffffff8b","?? ??"
"REG_RSVD_FF84_FF8C","ffffff8c","?? ??"
"REG_RSVD_FF84_FF8D","ffffff8d","?? ??"
"REG_RSVD_FF84_FF8E","ffffff8e","?? ??"
"REG_RSVD_FF84_FF8F","ffffff8f","?? ??"
"REG_TCRJ0","ffffff90","undefined1 ??"
"REG_FCRJ0","ffffff91","?? ??"
"REG_TSRJ0","ffffff92","?? ??"
"REG_RSVD_FF93_FF93","ffffff93","?? ??"
"REG_TIERJ0","ffffff94","?? ??"
"REG_FDNRJ0","ffffff95","?? ??"
"REG_TSRJ0","ffffff96","?? ??"
"REG_NCRJ0","ffffff97","?? ??"
"REG_TCNTJ0","ffffff98","undefined2 ??"
"REG_OCRJ0","ffffff9a","undefined2 ??"
"REG_FIFOJ0","ffffff9c","undefined2 ??"
"REG_RSVD_FF9E_FF9E","ffffff9e","?? ??"
"REG_RSVD_FF9E_FF9F","ffffff9f","?? ??"
"REG_TCRJ1","ffffffa0","undefined1 ??"
"REG_FCRJ1","ffffffa1","?? ??"
"REG_TSRJ1","ffffffa2","?? ??"
"REG_RSVD_FFA3_FFA3","ffffffa3","?? ??"
"REG_TIERJ1","ffffffa4","?? ??"
"REG_FDNRJ1","ffffffa5","?? ??"
"REG_NCNTJ1","ffffffa6","?? ??"
"REG_NCRJ1","ffffffa7","?? ??"
"REG_TCNTJ1","ffffffa8","undefined2 ??"
"REG_OCRJ1","ffffffaa","undefined2 ??"
"REG_FIFOJ1","ffffffac","undefined2 ??"
"REG_RSVD_FFAE_FFAE","ffffffae","?? ??"
"REG_RSVD_FFAE_FFAF","ffffffaf","?? ??"
"REG_RSVD_FFB0_FFB0","ffffffb0","?? ??"
"REG_RSVD_FFB0_FFB1","ffffffb1","?? ??"
"REG_RSVD_FFB0_FFB2","ffffffb2","?? ??"
"REG_RSVD_FFB0_FFB3","ffffffb3","?? ??"
"REG_RSVD_FFB0_FFB4","ffffffb4","?? ??"
"REG_RSVD_FFB0_FFB5","ffffffb5","?? ??"
"REG_RSVD_FFB0_FFB6","ffffffb6","?? ??"
"REG_RSVD_FFB0_FFB7","ffffffb7","?? ??"
"REG_RSVD_FFB0_FFB8","ffffffb8","?? ??"
"REG_RSVD_FFB0_FFB9","ffffffb9","?? ??"
"REG_RSVD_FFB0_FFBA","ffffffba","?? ??"
"REG_RSVD_FFB0_FFBB","ffffffbb","?? ??"
"REG_RSVD_FFB0_FFBC","ffffffbc","?? ??"
"REG_RSVD_FFB0_FFBD","ffffffbd","?? ??"
"REG_RSVD_FFB0_FFBE","ffffffbe","?? ??"
"REG_RSVD_FFB0_FFBF","ffffffbf","?? ??"
"REG_RSVD_FFB0_FFC0","ffffffc0","?? ??"
"REG_RSVD_FFB0_FFC1","ffffffc1","?? ??"
"REG_RSVD_FFB0_FFC2","ffffffc2","?? ??"
"REG_RSVD_FFB0_FFC3","ffffffc3","?? ??"
"REG_RSVD_FFB0_FFC4","ffffffc4","?? ??"
"REG_RSVD_FFB0_FFC5","ffffffc5","?? ??"
"REG_RSVD_FFB0_FFC8","ffffffc8","?? ??"
"REG_RSVD_FFB0_FFC9","ffffffc9","?? ??"
"REG_RSVD_FFB0_FFCA","ffffffca","?? ??"
"REG_RSVD_FFB0_FFCB","ffffffcb","?? ??"
"REG_RSVD_FFB0_FFCC","ffffffcc","?? ??"
"REG_RSVD_FFB0_FFCD","ffffffcd","?? ??"
"REG_RSVD_FFB0_FFCE","ffffffce","?? ??"
"REG_RSVD_FFB0_FFCF","ffffffcf","?? ??"
"REG_RSVD_FFB0_FFD0","ffffffd0","?? ??"
"REG_RSVD_FFB0_FFD1","ffffffd1","?? ??"
"REG_RSVD_FFB0_FFD2","ffffffd2","?? ??"
"REG_RSVD_FFB0_FFD3","ffffffd3","?? ??"
"REG_RSVD_FFB0_FFD4","ffffffd4","?? ??"
"REG_RSVD_FFB0_FFD5","ffffffd5","?? ??"
"REG_RSVD_FFB0_FFD6","ffffffd6","?? ??"
"REG_RSVD_FFB0_FFD7","ffffffd7","?? ??"
"REG_RSVD_FFB0_FFD8","ffffffd8","?? ??"
"REG_RSVD_FFB0_FFD9","ffffffd9","?? ??"
"REG_RSVD_FFB0_FFDA","ffffffda","?? ??"
"REG_RSVD_FFB0_FFDB","ffffffdb","?? ??"
"REG_RSVD_FFB0_FFDC","ffffffdc","?? ??"
"REG_RSVD_FFB0_FFDD","ffffffdd","?? ??"
"REG_RSVD_FFB0_FFDE","ffffffde","?? ??"
"REG_RSVD_FFB0_FFDF","ffffffdf","?? ??"
"REG_RSVD_FFB0_FFE0","ffffffe0","?? ??"
"REG_RSVD_FFB0_FFE1","ffffffe1","?? ??"
"REG_RSVD_FFB0_FFE2","ffffffe2","?? ??"
"REG_RSVD_FFB0_FFE4","ffffffe4","?? ??"
"REG_RSVD_FFB0_FFE5","ffffffe5","?? ??"
"REG_RSVD_FFB0_FFE7","ffffffe7","?? ??"
"REG_RSVD_FFB0_FFE8","ffffffe8","?? ??"
"REG_RSVD_FFB0_FFE9","ffffffe9","?? ??"
"REG_RSVD_FFB0_FFEC","ffffffec","?? ??"
"REG_RSVD_FFB0_FFED","ffffffed","?? ??"
"REG_RSVD_FFB0_FFEE","ffffffee","?? ??"
"REG_RSVD_FFB0_FFEF","ffffffef","?? ??"
"REG_RSVD_FFB0_FFF0","fffffff0","?? ??"
"REG_RSVD_FFB0_FFF1","fffffff1","?? ??"
"REG_RSVD_FFB0_FFF2","fffffff2","?? ??"
"REG_RSVD_FFB0_FFF3","fffffff3","?? ??"
"REG_RSVD_FFB0_FFF4","fffffff4","db ??"
"REG_RSVD_FFB0_FFF5","fffffff5","?? ??"
"REG_RSVD_FFB0_FFF7","fffffff7","?? ??"
"REG_RSVD_FFB0_FFF8","fffffff8","?? ??"
"REG_RSVD_FFB0_FFF9","fffffff9","?? ??"
"REG_RSVD_FFB0_FFFA","fffffffa","?? ??"
"REG_RSVD_FFB0_FFFB","fffffffb","?? ??"
"REG_RSVD_FFB0_FFFC","fffffffc","?? ??"
"REG_RSVD_FFB0_FFFD","fffffffd","?? ??"
"REG_RSVD_FFB0_FFFE","fffffffe","?? ??"
"REG_RSVD_FFB0_FFFF","ffffffff","?? ??"
